source_row,age,job,marital,education,default,housing,loan,contact,month,day_of_week,campaign,previous,poutcome,emp.var.rate,cons.price.idx,cons.conf.idx,euribor3m,nr.employed,was_previously_contacted,days_since_previous_contact,score
41053,23,student,single,high.school,no,no,no,cellular,oct,wed,1,1,success,-1.1,94.601,-49.5,1.043,4963.6,1,3,0.9817313373088441
40929,20,student,single,unknown,no,yes,yes,cellular,oct,tue,1,4,success,-1.1,94.601,-49.5,0.982,4963.6,1,3,0.9767782125623296
41022,23,student,single,high.school,no,no,yes,cellular,oct,fri,1,1,success,-1.1,94.601,-49.5,1.029,4963.6,1,3,0.9764403962723597
41020,25,student,single,high.school,no,yes,no,cellular,oct,fri,1,1,success,-1.1,94.601,-49.5,1.029,4963.6,1,3,0.9758864157030933
41058,65,retired,married,basic.4y,no,yes,no,cellular,oct,wed,1,3,success,-1.1,94.601,-49.5,1.043,4963.6,1,3,0.975186654869948
41012,65,retired,married,high.school,no,yes,no,cellular,oct,thu,5,1,success,-1.1,94.601,-49.5,1.025,4963.6,1,3,0.9751227917019929
40966,74,retired,married,university.degree,no,yes,no,cellular,oct,fri,2,2,success,-1.1,94.601,-49.5,0.993,4963.6,1,3,0.9748892425811475
40942,65,retired,married,basic.4y,no,yes,yes,cellular,oct,wed,1,3,success,-1.1,94.601,-49.5,0.985,4963.6,1,3,0.9742541970848673
40951,70,retired,married,professional.course,no,no,no,cellular,oct,thu,1,3,success,-1.1,94.601,-49.5,0.987,4963.6,1,6,0.9727838424253482
40973,68,retired,divorced,high.school,no,yes,yes,cellular,oct,mon,1,1,success,-1.1,94.601,-49.5,1.0,4963.6,1,3,0.9707350429882002
40950,81,retired,divorced,basic.4y,no,yes,no,cellular,oct,thu,2,2,success,-1.1,94.601,-49.5,0.987,4963.6,1,3,0.9704062396979294
41010,33,admin.,single,university.degree,no,yes,no,cellular,oct,thu,1,3,success,-1.1,94.601,-49.5,1.025,4963.6,1,3,0.969262899056836
41031,25,student,single,high.school,no,yes,no,cellular,oct,mon,1,4,success,-1.1,94.601,-49.5,1.032,4963.6,1,6,0.9686105931473129
41042,25,student,single,high.school,no,yes,no,cellular,oct,mon,2,3,success,-1.1,94.601,-49.5,1.032,4963.6,1,6,0.9685692855727022
40943,35,admin.,married,university.degree,no,no,no,cellular,oct,wed,1,2,success,-1.1,94.601,-49.5,0.985,4963.6,1,3,0.9684900538049775
41057,30,management,married,university.degree,no,no,yes,cellular,oct,wed,1,1,success,-1.1,94.601,-49.5,1.043,4963.6,1,6,0.966933284706601
40931,27,admin.,single,university.degree,no,yes,yes,cellular,oct,tue,1,2,success,-1.1,94.601,-49.5,0.982,4963.6,1,3,0.9668619714093469
40913,65,retired,married,basic.4y,no,yes,yes,cellular,oct,mon,1,1,success,-1.1,94.601,-49.5,0.977,4963.6,1,3,0.9665767076539868
41009,24,blue-collar,single,high.school,no,no,no,cellular,oct,thu,1,1,success,-1.1,94.601,-49.5,1.025,4963.6,1,3,0.9663812726349188
40990,31,admin.,single,university.degree,no,unknown,unknown,cellular,oct,tue,1,1,success,-1.1,94.601,-49.5,1.008,4963.6,1,3,0.9638199048818799
40884,51,admin.,married,university.degree,no,yes,yes,cellular,oct,thu,3,1,success,-1.1,94.601,-49.5,0.965,4963.6,1,3,0.9635403378873432
41026,65,retired,married,high.school,no,yes,yes,cellular,oct,fri,2,1,success,-1.1,94.601,-49.5,1.029,4963.6,1,12,0.9633024716384188
40866,32,technician,married,professional.course,no,no,no,cellular,oct,wed,1,1,success,-1.1,94.601,-49.5,0.959,4963.6,1,3,0.9632635655774422
41016,37,management,married,university.degree,no,yes,no,cellular,oct,thu,3,3,success,-1.1,94.601,-49.5,1.025,4963.6,1,3,0.9621319769251943
40983,74,retired,divorced,basic.4y,no,yes,no,cellular,oct,mon,3,2,success,-1.1,94.601,-49.5,1.0,4963.6,1,3,0.9619288287387301
41030,28,admin.,single,university.degree,no,no,no,cellular,oct,mon,1,3,success,-1.1,94.601,-49.5,1.032,4963.6,1,3,0.9619086559827272
40970,24,admin.,single,university.degree,no,yes,no,cellular,oct,fri,3,2,success,-1.1,94.601,-49.5,0.993,4963.6,1,3,0.9616899503268103
41005,63,unknown,married,professional.course,no,no,no,cellular,oct,thu,1,1,success,-1.1,94.601,-49.5,1.025,4963.6,1,6,0.9614574736744098
40968,65,retired,married,basic.4y,no,no,no,cellular,oct,fri,2,3,success,-1.1,94.601,-49.5,0.993,4963.6,1,7,0.9610316768454381
40875,57,admin.,married,university.degree,no,unknown,unknown,cellular,oct,wed,2,2,success,-1.1,94.601,-49.5,0.959,4963.6,1,3,0.9610127690232192
40958,63,admin.,married,university.degree,no,yes,no,cellular,oct,thu,2,1,success,-1.1,94.601,-49.5,0.987,4963.6,1,6,0.9605230918068478
41006,37,housemaid,married,university.degree,no,no,no,cellular,oct,thu,1,2,success,-1.1,94.601,-49.5,1.025,4963.6,1,6,0.9598869316433951
41033,33,admin.,single,university.degree,no,yes,no,cellular,oct,mon,1,2,success,-1.1,94.601,-49.5,1.032,4963.6,1,5,0.959614855930118
40941,66,retired,married,basic.4y,unknown,unknown,unknown,cellular,oct,wed,1,3,success,-1.1,94.601,-49.5,0.985,4963.6,1,6,0.9591382714429068
41037,28,admin.,single,university.degree,no,yes,no,cellular,oct,mon,1,2,success,-1.1,94.601,-49.5,1.032,4963.6,1,6,0.9583723120234375
40945,54,admin.,married,high.school,no,no,no,cellular,oct,wed,2,2,success,-1.1,94.601,-49.5,0.985,4963.6,1,6,0.9578583836350831
40956,54,self-employed,married,university.degree,no,yes,no,cellular,oct,thu,6,1,success,-1.1,94.601,-49.5,0.987,4963.6,1,6,0.957535957552312
41003,37,management,married,university.degree,no,yes,no,cellular,oct,thu,3,5,success,-1.1,94.601,-49.5,1.025,4963.6,1,5,0.9568097840517286
40994,54,services,divorced,high.school,no,yes,yes,cellular,oct,wed,4,1,success,-1.1,94.601,-49.5,1.016,4963.6,1,3,0.956214098965947
40912,33,services,single,university.degree,no,yes,no,cellular,oct,mon,2,2,success,-1.1,94.601,-49.5,0.977,4963.6,1,3,0.9554105599877947
41044,62,admin.,married,high.school,no,no,no,cellular,oct,tue,1,3,success,-1.1,94.601,-49.5,1.037,4963.6,1,4,0.9553384966987767
40957,37,admin.,single,high.school,no,no,no,telephone,oct,thu,1,1,success,-1.1,94.601,-49.5,0.987,4963.6,1,3,0.954603148427251
40927,31,technician,married,university.degree,no,yes,yes,cellular,oct,tue,4,2,success,-1.1,94.601,-49.5,0.982,4963.6,1,6,0.9541278625983096
40954,48,technician,married,professional.course,no,no,no,cellular,oct,thu,1,3,success,-1.1,94.601,-49.5,0.987,4963.6,1,6,0.9533858459468342
40986,84,retired,divorced,basic.4y,unknown,yes,yes,cellular,oct,mon,4,1,success,-1.1,94.601,-49.5,1.0,4963.6,1,3,0.9525665132613292
41045,30,student,single,high.school,no,yes,no,cellular,oct,tue,1,2,failure,-1.1,94.601,-49.5,1.037,4963.6,1,17,0.9512895366299807
41032,36,unemployed,married,high.school,no,yes,no,cellular,oct,mon,1,1,success,-1.1,94.601,-49.5,1.032,4963.6,1,3,0.9510438570618346
40885,28,admin.,single,university.degree,no,no,no,cellular,oct,thu,1,1,success,-1.1,94.601,-49.5,0.965,4963.6,1,17,0.9509655114358203
41013,29,admin.,single,high.school,no,no,no,telephone,oct,thu,2,1,success,-1.1,94.601,-49.5,1.025,4963.6,1,6,0.9498461190658446
40914,24,blue-collar,single,basic.9y,no,no,no,cellular,oct,mon,1,1,success,-1.1,94.601,-49.5,0.977,4963.6,1,6,0.949081981067622
41034,33,services,single,high.school,no,yes,no,cellular,oct,mon,1,1,success,-1.1,94.601,-49.5,1.032,4963.6,1,6,0.9490715319943692
41024,37,unemployed,single,professional.course,no,no,no,cellular,oct,fri,4,1,success,-1.1,94.601,-49.5,1.029,4963.6,1,6,0.9489695907019607
40898,49,technician,divorced,professional.course,no,yes,no,cellular,oct,fri,2,1,success,-1.1,94.601,-49.5,0.972,4963.6,1,3,0.9487200356890346
40891,29,technician,married,professional.course,no,yes,no,cellular,oct,fri,1,2,success,-1.1,94.601,-49.5,0.972,4963.6,1,5,0.9480747681101572
40940,49,admin.,married,high.school,unknown,no,no,cellular,oct,wed,1,3,success,-1.1,94.601,-49.5,0.985,4963.6,1,6,0.9480552392574902
41017,45,admin.,married,high.school,no,yes,no,cellular,oct,fri,3,1,success,-1.1,94.601,-49.5,1.029,4963.6,1,6,0.9477229213979831
41011,37,housemaid,married,university.degree,no,no,no,cellular,oct,thu,2,4,success,-1.1,94.601,-49.5,1.025,4963.6,1,11,0.9475513981400157
38274,17,student,single,unknown,no,no,yes,cellular,oct,tue,1,2,success,-3.4,92.431,-26.9,0.742,5017.5,1,2,0.9470282961634255
41007,37,housemaid,married,university.degree,no,no,no,cellular,oct,thu,2,2,success,-1.1,94.601,-49.5,1.025,4963.6,1,13,0.946991972926193
40976,56,technician,divorced,professional.course,no,no,no,cellular,oct,mon,1,2,success,-1.1,94.601,-49.5,1.0,4963.6,1,3,0.9467885769892634
41040,30,technician,married,professional.course,no,yes,no,cellular,oct,mon,1,1,success,-1.1,94.601,-49.5,1.032,4963.6,1,6,0.9467616250129928
40857,30,technician,unknown,university.degree,no,no,no,cellular,oct,fri,2,1,success,-1.1,94.601,-49.5,0.942,4963.6,1,16,0.9463479258566803
40977,42,technician,married,professional.course,no,yes,yes,cellular,oct,mon,1,1,success,-1.1,94.601,-49.5,1.0,4963.6,1,6,0.9452285320485913
38432,56,retired,married,professional.course,no,no,no,cellular,oct,thu,1,1,success,-3.4,92.431,-26.9,0.733,5017.5,1,3,0.9417440193981202
38539,62,retired,married,high.school,no,no,no,cellular,oct,wed,1,1,success,-3.4,92.431,-26.9,0.724,5017.5,1,6,0.9406637586968705
40907,48,technician,married,professional.course,no,yes,yes,cellular,oct,mon,1,1,success,-1.1,94.601,-49.5,0.977,4963.6,1,8,0.9398590998477147
40870,35,technician,married,professional.course,no,yes,yes,cellular,oct,wed,1,2,failure,-1.1,94.601,-49.5,0.959,4963.6,1,9,0.9392496989994745
41035,30,technician,married,professional.course,no,yes,no,cellular,oct,mon,1,2,success,-1.1,94.601,-49.5,1.032,4963.6,1,9,0.939095709746256
40893,27,student,single,unknown,no,yes,no,cellular,oct,fri,1,4,failure,-1.1,94.601,-49.5,0.972,4963.6,1,20,0.9387281724397107
38314,74,retired,married,professional.course,no,yes,no,cellular,oct,thu,2,1,success,-3.4,92.431,-26.9,0.74,5017.5,1,3,0.9383876054411305
40895,60,retired,married,basic.4y,no,unknown,unknown,cellular,oct,fri,1,3,failure,-1.1,94.601,-49.5,0.972,4963.6,1,10,0.9373377713358911
41018,26,unemployed,single,high.school,no,yes,no,cellular,oct,fri,3,1,success,-1.1,94.601,-49.5,1.029,4963.6,1,14,0.9361137286071755
38270,22,student,single,high.school,no,yes,no,cellular,oct,tue,1,1,success,-3.4,92.431,-26.9,0.742,5017.5,1,6,0.9353051233435284
40886,70,retired,married,basic.4y,unknown,no,no,cellular,oct,thu,1,3,failure,-1.1,94.601,-49.5,0.965,4963.6,1,14,0.9330823567394438
40901,56,unemployed,divorced,basic.4y,no,no,yes,cellular,oct,fri,2,3,success,-1.1,94.601,-49.5,0.972,4963.6,1,5,0.9320642741031444
38575,55,retired,married,high.school,no,yes,no,cellular,oct,thu,2,1,success,-3.4,92.431,-26.9,0.722,5017.5,1,7,0.9313352680973738
38316,74,retired,married,basic.9y,no,yes,no,cellular,oct,thu,2,1,success,-3.4,92.431,-26.9,0.74,5017.5,1,6,0.93091503535032
38287,36,admin.,single,university.degree,no,yes,no,cellular,oct,wed,1,2,success,-3.4,92.431,-26.9,0.742,5017.5,1,2,0.9301804869260165
40936,31,technician,married,university.degree,no,no,no,cellular,oct,tue,2,3,failure,-1.1,94.601,-49.5,0.982,4963.6,1,12,0.9297791917229671
40910,29,admin.,single,university.degree,no,no,no,cellular,oct,mon,2,2,failure,-1.1,94.601,-49.5,0.977,4963.6,1,12,0.9296490726790159
38431,56,retired,married,professional.course,no,unknown,unknown,cellular,oct,thu,1,1,success,-3.4,92.431,-26.9,0.733,5017.5,1,6,0.9261383245772091
38445,22,student,single,high.school,no,no,no,cellular,oct,fri,3,1,success,-3.4,92.431,-26.9,0.73,5017.5,1,6,0.9255739632686323
38457,22,student,single,basic.9y,no,no,no,cellular,oct,fri,2,1,success,-3.4,92.431,-26.9,0.73,5017.5,1,6,0.9252609730396093
38415,88,retired,divorced,basic.4y,no,no,no,cellular,oct,wed,2,1,success,-3.4,92.431,-26.9,0.735,5017.5,1,6,0.9250924564298829
41054,31,student,single,university.degree,no,no,no,cellular,oct,wed,1,0,nonexistent,-1.1,94.601,-49.5,1.043,4963.6,0,0,0.9248968941021134
38179,83,retired,married,professional.course,no,yes,no,cellular,oct,fri,2,1,success,-3.4,92.431,-26.9,0.752,5017.5,1,4,0.9247086109663192
40878,32,technician,married,professional.course,no,no,no,cellular,oct,wed,2,4,failure,-1.1,94.601,-49.5,0.959,4963.6,1,14,0.9216057767089267
38505,81,retired,married,university.degree,unknown,yes,yes,cellular,oct,tue,2,1,success,-3.4,92.431,-26.9,0.728,5017.5,1,6,0.920601252458831
38487,71,retired,married,basic.4y,no,yes,yes,cellular,oct,tue,1,1,success,-3.4,92.431,-26.9,0.728,5017.5,1,6,0.9186337423882298
41036,38,technician,single,university.degree,no,yes,no,telephone,oct,mon,1,3,failure,-1.1,94.601,-49.5,1.032,4963.6,1,9,0.9166076917924897
40993,50,entrepreneur,divorced,university.degree,no,yes,no,telephone,oct,tue,7,2,success,-1.1,94.601,-49.5,1.008,4963.6,1,11,0.9163164634294012
38491,68,retired,married,basic.4y,no,yes,no,cellular,oct,tue,1,2,success,-3.4,92.431,-26.9,0.728,5017.5,1,6,0.915819256624995
38411,36,admin.,married,university.degree,no,yes,no,cellular,oct,wed,1,1,success,-3.4,92.431,-26.9,0.735,5017.5,1,6,0.9131106493983284
38407,38,admin.,married,university.degree,no,yes,no,cellular,oct,wed,1,1,success,-3.4,92.431,-26.9,0.735,5017.5,1,6,0.9129370769346987
40874,41,technician,married,professional.course,no,no,no,cellular,oct,wed,2,1,success,-1.1,94.601,-49.5,0.959,4963.6,1,27,0.9116842884774876
38587,72,retired,married,basic.4y,no,no,no,cellular,oct,fri,1,1,success,-3.4,92.431,-26.9,0.72,5017.5,1,6,0.9115111866783038
41028,28,admin.,single,university.degree,no,yes,no,cellular,oct,mon,4,3,failure,-1.1,94.601,-49.5,1.032,4963.6,1,17,0.911457683920729
41027,37,services,married,high.school,no,yes,yes,cellular,oct,fri,2,2,failure,-1.1,94.601,-49.5,1.029,4963.6,1,12,0.9110415603343122
38212,48,management,married,university.degree,no,no,no,cellular,oct,wed,1,1,success,-3.4,92.431,-26.9,0.74,5017.5,1,6,0.9109001531781385
38414,32,admin.,married,university.degree,no,yes,no,cellular,oct,wed,2,1,success,-3.4,92.431,-26.9,0.735,5017.5,1,6,0.9108267734597403
41029,46,management,married,university.degree,no,unknown,unknown,cellular,oct,mon,2,2,failure,-1.1,94.601,-49.5,1.032,4963.6,1,12,0.9103713272612866
40904,55,admin.,married,high.school,no,no,no,telephone,oct,mon,2,3,success,-1.1,94.601,-49.5,0.977,4963.6,1,10,0.9090546091211227
38530,61,blue-collar,married,high.school,no,no,no,cellular,oct,wed,1,1,success,-3.4,92.431,-26.9,0.724,5017.5,1,2,0.908788993686056
40930,22,student,single,university.degree,no,yes,no,cellular,oct,tue,1,0,nonexistent,-1.1,94.601,-49.5,0.982,4963.6,0,0,0.9079966125399344
40918,26,technician,single,professional.course,no,no,no,telephone,oct,mon,1,1,success,-1.1,94.601,-49.5,0.977,4963.6,1,16,0.9077397307591046
38154,50,management,married,university.degree,no,yes,no,cellular,oct,thu,2,1,success,-3.4,92.431,-26.9,0.754,5017.5,1,4,0.9074543552391203
38405,44,admin.,married,university.degree,no,yes,no,cellular,oct,wed,3,1,success,-3.4,92.431,-26.9,0.735,5017.5,1,6,0.9070247368746602
38512,26,management,single,university.degree,no,yes,no,cellular,oct,tue,1,1,success,-3.4,92.431,-26.9,0.728,5017.5,1,6,0.9065122235830773
38173,23,unemployed,single,basic.9y,no,yes,no,cellular,oct,thu,1,1,success,-3.4,92.431,-26.9,0.754,5017.5,1,4,0.9059354330380955
38442,35,unemployed,married,university.degree,no,no,no,cellular,oct,thu,1,1,success,-3.4,92.431,-26.9,0.733,5017.5,1,6,0.9031824241376823
38165,49,technician,divorced,unknown,no,yes,no,cellular,oct,thu,1,1,success,-3.4,92.431,-26.9,0.754,5017.5,1,4,0.9031070169231187
38418,54,admin.,divorced,university.degree,no,yes,no,cellular,oct,wed,2,2,success,-3.4,92.431,-26.9,0.735,5017.5,1,6,0.9029585510115057
38158,35,admin.,married,high.school,no,yes,no,cellular,oct,thu,1,1,success,-3.4,92.431,-26.9,0.754,5017.5,1,4,0.9025914421392843
38352,34,management,married,university.degree,no,yes,no,cellular,oct,fri,1,1,success,-3.4,92.431,-26.9,0.739,5017.5,1,2,0.9017951190101438
41008,23,student,single,high.school,no,yes,no,cellular,oct,thu,3,0,nonexistent,-1.1,94.601,-49.5,1.025,4963.6,0,0,0.9011694632126439
41047,62,admin.,married,high.school,no,no,no,cellular,oct,tue,4,2,failure,-1.1,94.601,-49.5,1.037,4963.6,1,18,0.9011246642775603
38159,35,admin.,married,high.school,no,no,no,cellular,oct,thu,1,2,success,-3.4,92.431,-26.9,0.754,5017.5,1,4,0.9009323203138379
38283,28,technician,single,high.school,no,unknown,unknown,cellular,oct,wed,1,1,success,-3.4,92.431,-26.9,0.742,5017.5,1,6,0.9006702587297257
38354,32,admin.,single,university.degree,no,no,no,cellular,oct,fri,2,1,success,-3.4,92.431,-26.9,0.739,5017.5,1,6,0.8999962734538238
38452,98,retired,married,basic.4y,unknown,yes,no,cellular,oct,fri,1,2,success,-3.4,92.431,-26.9,0.73,5017.5,1,2,0.899318303674908
41049,21,student,single,high.school,no,no,no,cellular,oct,tue,2,0,nonexistent,-1.1,94.601,-49.5,1.037,4963.6,0,0,0.8982331616360439
40928,21,student,single,high.school,no,no,no,cellular,oct,tue,1,0,nonexistent,-1.1,94.601,-49.5,0.982,4963.6,0,0,0.897177369284555
38508,31,management,married,university.degree,no,yes,no,cellular,oct,tue,3,1,success,-3.4,92.431,-26.9,0.728,5017.5,1,4,0.8965978793105737
38230,54,management,divorced,university.degree,no,yes,no,cellular,oct,thu,2,1,success,-3.4,92.431,-26.9,0.741,5017.5,1,6,0.8962504970921619
38393,33,admin.,married,university.degree,no,yes,no,cellular,oct,tue,2,1,success,-3.4,92.431,-26.9,0.737,5017.5,1,6,0.8961292436088649
41052,65,retired,married,basic.4y,no,no,no,cellular,oct,wed,1,0,nonexistent,-1.1,94.601,-49.5,1.043,4963.6,0,0,0.8952331635262346
38250,44,technician,married,basic.9y,no,yes,no,cellular,oct,tue,1,1,success,-3.4,92.431,-26.9,0.742,5017.5,1,2,0.8951136327388258
38208,34,self-employed,married,university.degree,no,no,no,cellular,oct,wed,1,3,failure,-3.4,92.431,-26.9,0.74,5017.5,1,5,0.8931586885453123
38238,42,management,single,university.degree,no,no,no,cellular,oct,mon,1,1,success,-3.4,92.431,-26.9,0.743,5017.5,1,6,0.8931271295115853
38312,40,services,married,professional.course,no,yes,no,cellular,oct,thu,1,1,success,-3.4,92.431,-26.9,0.74,5017.5,1,3,0.8928494571142505
38348,33,admin.,married,university.degree,no,no,no,cellular,oct,fri,1,1,success,-3.4,92.431,-26.9,0.739,5017.5,1,6,0.8922660202834696
38199,56,unknown,married,basic.4y,no,no,no,cellular,oct,tue,1,2,success,-3.4,92.431,-26.9,0.744,5017.5,1,2,0.8921592055133535
38419,42,blue-collar,married,professional.course,no,yes,no,cellular,oct,wed,1,1,success,-3.4,92.431,-26.9,0.735,5017.5,1,7,0.8913335824548744
38278,48,admin.,married,basic.6y,no,yes,no,cellular,oct,tue,2,2,success,-3.4,92.431,-26.9,0.742,5017.5,1,5,0.8912644939433487
38436,45,technician,married,professional.course,no,no,no,cellular,oct,thu,1,1,success,-3.4,92.431,-26.9,0.733,5017.5,1,6,0.891042952729716
38330,39,technician,married,university.degree,no,no,no,cellular,oct,fri,1,1,success,-3.4,92.431,-26.9,0.739,5017.5,1,6,0.8907033345647776
38461,29,admin.,single,high.school,no,yes,no,cellular,oct,fri,1,1,success,-3.4,92.431,-26.9,0.73,5017.5,1,6,0.888578439122563
38423,34,technician,married,professional.course,no,yes,no,cellular,oct,wed,2,1,success,-3.4,92.431,-26.9,0.735,5017.5,1,8,0.8884287065147672
38209,58,technician,married,basic.4y,no,no,yes,cellular,oct,wed,2,2,success,-3.4,92.431,-26.9,0.74,5017.5,1,4,0.886698750546965
40933,71,retired,married,professional.course,no,no,no,cellular,oct,tue,1,0,nonexistent,-1.1,94.601,-49.5,0.982,4963.6,0,0,0.8863343575551542
38269,32,admin.,married,professional.course,no,no,yes,cellular,oct,tue,1,1,success,-3.4,92.431,-26.9,0.742,5017.5,1,6,0.8860922277950106
41025,25,student,single,high.school,no,no,no,cellular,oct,fri,3,0,nonexistent,-1.1,94.601,-49.5,1.029,4963.6,0,0,0.8855530807732875
40987,60,retired,married,university.degree,no,yes,no,cellular,oct,mon,2,0,nonexistent,-1.1,94.601,-49.5,1.0,4963.6,0,0,0.8851220216496722
38454,35,blue-collar,single,high.school,no,no,no,cellular,oct,fri,1,1,success,-3.4,92.431,-26.9,0.73,5017.5,1,6,0.8850743510075569
41019,31,student,single,high.school,no,yes,no,cellular,oct,fri,3,0,nonexistent,-1.1,94.601,-49.5,1.029,4963.6,0,0,0.8835833090682784
38366,36,admin.,single,high.school,no,yes,no,cellular,oct,mon,1,1,success,-3.4,92.431,-26.9,0.739,5017.5,1,6,0.8816228886218593
38438,56,technician,married,basic.4y,no,no,no,cellular,oct,thu,3,1,success,-3.4,92.431,-26.9,0.733,5017.5,1,3,0.8809456349056161
38204,50,unknown,married,unknown,no,no,no,cellular,oct,wed,1,3,failure,-3.4,92.431,-26.9,0.74,5017.5,1,8,0.8800263899114253
38333,38,admin.,married,university.degree,no,yes,no,cellular,oct,fri,2,1,success,-3.4,92.431,-26.9,0.739,5017.5,1,8,0.8796322463807854
38319,33,admin.,single,university.degree,no,yes,no,telephone,oct,thu,3,2,success,-3.4,92.431,-26.9,0.74,5017.5,1,6,0.8796316335520307
41051,27,technician,single,university.degree,no,no,no,cellular,oct,wed,2,0,nonexistent,-1.1,94.601,-49.5,1.043,4963.6,0,0,0.8790229436993064
38325,28,services,married,basic.9y,no,yes,no,cellular,oct,fri,1,1,success,-3.4,92.431,-26.9,0.739,5017.5,1,2,0.8787152392830169
38428,56,technician,married,basic.4y,no,no,no,cellular,oct,thu,1,1,success,-3.4,92.431,-26.9,0.733,5017.5,1,6,0.8760850126503049
40871,26,admin.,single,university.degree,no,yes,yes,cellular,oct,wed,1,0,nonexistent,-1.1,94.601,-49.5,0.959,4963.6,0,0,0.8760113589491355
38496,42,management,married,university.degree,no,no,no,telephone,oct,tue,1,1,success,-3.4,92.431,-26.9,0.728,5017.5,1,3,0.8759378921324923
40868,26,technician,single,university.degree,no,no,no,cellular,oct,wed,1,0,nonexistent,-1.1,94.601,-49.5,0.959,4963.6,0,0,0.8753853232655168
40861,41,retired,single,basic.4y,no,yes,no,cellular,oct,fri,1,0,nonexistent,-1.1,94.601,-49.5,0.942,4963.6,0,0,0.8737919275795902
38486,72,admin.,married,university.degree,unknown,no,yes,cellular,oct,tue,1,1,success,-3.4,92.431,-26.9,0.728,5017.5,1,6,0.8736091037481997
38182,28,unemployed,single,basic.4y,no,yes,no,cellular,oct,fri,2,1,success,-3.4,92.431,-26.9,0.752,5017.5,1,4,0.8726794978802478
40997,25,student,married,high.school,no,yes,no,telephone,oct,wed,1,0,nonexistent,-1.1,94.601,-49.5,1.016,4963.6,0,0,0.8723827148047198
40981,68,retired,divorced,high.school,no,yes,no,cellular,oct,mon,1,0,nonexistent,-1.1,94.601,-49.5,1.0,4963.6,0,0,0.8688936580472797
41048,25,student,single,high.school,no,yes,no,telephone,oct,tue,1,0,nonexistent,-1.1,94.601,-49.5,1.037,4963.6,0,0,0.8681354910659977
41050,30,management,married,university.degree,no,no,no,cellular,oct,wed,1,0,nonexistent,-1.1,94.601,-49.5,1.043,4963.6,0,0,0.8671904164220154
40869,26,blue-collar,single,basic.6y,no,no,no,cellular,oct,wed,1,0,nonexistent,-1.1,94.601,-49.5,0.959,4963.6,0,0,0.8668616889817058
38342,36,services,married,high.school,no,yes,no,cellular,oct,fri,1,1,success,-3.4,92.431,-26.9,0.739,5017.5,1,6,0.8653760131953993
40939,27,student,single,high.school,no,no,no,telephone,oct,tue,1,0,nonexistent,-1.1,94.601,-49.5,0.982,4963.6,0,0,0.8642213606760125
40921,71,retired,married,professional.course,no,yes,no,cellular,oct,mon,2,0,nonexistent,-1.1,94.601,-49.5,0.977,4963.6,0,0,0.8639189579895831
40882,36,admin.,single,university.degree,no,no,no,cellular,oct,thu,2,0,nonexistent,-1.1,94.601,-49.5,0.965,4963.6,0,0,0.8630335902560914
38318,37,blue-collar,married,basic.6y,no,no,no,cellular,oct,thu,2,3,failure,-3.4,92.431,-26.9,0.74,5017.5,1,6,0.8629391542545244
40877,22,self-employed,single,professional.course,no,yes,no,cellular,oct,wed,1,0,nonexistent,-1.1,94.601,-49.5,0.959,4963.6,0,0,0.8621177615493278
38465,26,admin.,single,high.school,no,no,no,telephone,oct,fri,2,1,success,-3.4,92.431,-26.9,0.73,5017.5,1,4,0.8611330976730102
38398,60,technician,married,basic.4y,no,yes,no,cellular,oct,tue,2,1,success,-3.4,92.431,-26.9,0.737,5017.5,1,6,0.8604714736434395
40934,27,admin.,single,university.degree,no,no,no,cellular,oct,tue,1,0,nonexistent,-1.1,94.601,-49.5,0.982,4963.6,0,0,0.8590135916936028
38561,67,admin.,married,basic.4y,unknown,no,no,cellular,oct,thu,2,2,success,-3.4,92.431,-26.9,0.722,5017.5,1,2,0.8584279370737501
40948,33,management,single,university.degree,no,no,no,cellular,oct,thu,3,0,nonexistent,-1.1,94.601,-49.5,0.987,4963.6,0,0,0.8578696910902291
40880,28,admin.,single,high.school,no,no,no,cellular,oct,wed,2,0,nonexistent,-1.1,94.601,-49.5,0.959,4963.6,0,0,0.8565631245814325
40959,37,admin.,single,high.school,no,no,no,cellular,oct,thu,1,0,nonexistent,-1.1,94.601,-49.5,0.987,4963.6,0,0,0.8523533436641408
40960,37,admin.,single,high.school,no,no,no,cellular,oct,thu,1,0,nonexistent,-1.1,94.601,-49.5,0.987,4963.6,0,0,0.8523533436641408
38334,39,technician,married,university.degree,no,yes,no,cellular,oct,fri,1,2,failure,-3.4,92.431,-26.9,0.739,5017.5,1,7,0.8518776139512396
40915,74,retired,married,university.degree,no,no,no,telephone,oct,mon,1,0,nonexistent,-1.1,94.601,-49.5,0.977,4963.6,0,0,0.8512817228038226
38400,59,housemaid,married,basic.4y,no,yes,no,cellular,oct,tue,2,1,success,-3.4,92.431,-26.9,0.737,5017.5,1,6,0.8507029661738027
40949,54,self-employed,married,university.degree,no,no,no,cellular,oct,thu,3,0,nonexistent,-1.1,94.601,-49.5,0.987,4963.6,0,0,0.8502461083079036
40364,27,student,single,university.degree,no,yes,no,cellular,aug,wed,1,3,success,-1.7,94.027,-38.3,0.9,4991.6,1,0,0.850028691189924
40967,34,student,single,professional.course,no,yes,no,telephone,oct,fri,1,0,nonexistent,-1.1,94.601,-49.5,0.993,4963.6,0,0,0.8487973700473019
40962,41,admin.,single,high.school,no,no,no,cellular,oct,thu,2,0,nonexistent,-1.1,94.601,-49.5,0.987,4963.6,0,0,0.8476111538781879
40947,63,admin.,married,university.degree,no,yes,yes,cellular,oct,thu,2,0,nonexistent,-1.1,94.601,-49.5,0.987,4963.6,0,0,0.8468726468962893
40972,26,student,single,high.school,no,yes,no,telephone,oct,mon,1,0,nonexistent,-1.1,94.601,-49.5,1.0,4963.6,0,0,0.8452269792067608
40982,74,retired,divorced,basic.4y,no,yes,no,cellular,oct,mon,2,0,nonexistent,-1.1,94.601,-49.5,1.0,4963.6,0,0,0.8445140697394425
38467,33,admin.,single,high.school,no,yes,no,cellular,oct,mon,2,2,failure,-3.4,92.431,-26.9,0.731,5017.5,1,6,0.841996215438316
41041,35,admin.,single,university.degree,no,yes,no,cellular,oct,mon,1,0,nonexistent,-1.1,94.601,-49.5,1.032,4963.6,0,0,0.8415642503297475
40867,32,technician,married,professional.course,no,no,no,cellular,oct,wed,1,0,nonexistent,-1.1,94.601,-49.5,0.959,4963.6,0,0,0.8409075763599252
40980,29,admin.,single,university.degree,no,yes,no,cellular,oct,mon,1,0,nonexistent,-1.1,94.601,-49.5,1.0,4963.6,0,0,0.8389836293608491
40909,27,admin.,single,university.degree,no,no,no,cellular,oct,mon,1,0,nonexistent,-1.1,94.601,-49.5,0.977,4963.6,0,0,0.8384949442569644
40992,48,technician,married,university.degree,no,yes,yes,cellular,oct,tue,2,0,nonexistent,-1.1,94.601,-49.5,1.008,4963.6,0,0,0.8380847799115088
41002,45,student,single,unknown,no,yes,no,cellular,oct,wed,2,2,failure,-1.1,94.601,-49.5,1.016,4963.6,0,0,0.8380407539034829
40368,27,student,single,university.degree,no,no,no,cellular,aug,wed,1,3,success,-1.7,94.027,-38.3,0.9,4991.6,1,3,0.8370403735466658
40365,28,student,single,basic.9y,no,yes,no,cellular,aug,wed,1,1,success,-1.7,94.027,-38.3,0.9,4991.6,1,0,0.8351134230305173
40872,32,technician,married,professional.course,no,yes,no,cellular,oct,wed,2,0,nonexistent,-1.1,94.601,-49.5,0.959,4963.6,0,0,0.8347180047548727
40952,50,admin.,married,high.school,no,yes,no,cellular,oct,thu,1,0,nonexistent,-1.1,94.601,-49.5,0.987,4963.6,0,0,0.8336091753739909
38171,51,technician,married,professional.course,no,yes,no,cellular,oct,thu,6,3,failure,-3.4,92.431,-26.9,0.754,5017.5,1,6,0.8326820430001647
40883,65,retired,married,basic.4y,no,yes,no,telephone,oct,thu,4,0,nonexistent,-1.1,94.601,-49.5,0.965,4963.6,0,0,0.829630138019999
41014,31,technician,single,professional.course,no,unknown,unknown,cellular,oct,thu,2,0,nonexistent,-1.1,94.601,-49.5,1.025,4963.6,0,0,0.8290620924808328
40985,47,admin.,single,university.degree,no,no,no,cellular,oct,mon,3,0,nonexistent,-1.1,94.601,-49.5,1.0,4963.6,0,0,0.828936042719331
40953,48,technician,married,professional.course,no,yes,no,cellular,oct,thu,1,0,nonexistent,-1.1,94.601,-49.5,0.987,4963.6,0,0,0.8289121497643667
41056,60,retired,married,professional.course,no,no,yes,cellular,oct,wed,2,1,failure,-1.1,94.601,-49.5,1.043,4963.6,0,0,0.8286229598004241
40998,34,technician,married,university.degree,no,yes,no,telephone,oct,wed,1,0,nonexistent,-1.1,94.601,-49.5,1.016,4963.6,0,0,0.8249412301536755
41039,33,admin.,single,university.degree,no,yes,no,cellular,oct,mon,5,0,nonexistent,-1.1,94.601,-49.5,1.032,4963.6,0,0,0.8235830567830947
37916,18,student,single,unknown,no,no,no,cellular,sep,thu,1,1,success,-3.4,92.379,-29.8,0.809,5017.5,1,3,0.8224654299357167
40889,61,retired,married,basic.4y,no,no,no,telephone,oct,fri,1,0,nonexistent,-1.1,94.601,-49.5,0.972,4963.6,0,0,0.8214585930642743
37933,26,student,single,unknown,no,yes,yes,cellular,sep,thu,1,1,success,-3.4,92.379,-29.8,0.809,5017.5,1,3,0.8206198893703016
41021,29,unemployed,single,high.school,no,yes,no,cellular,oct,fri,2,0,nonexistent,-1.1,94.601,-49.5,1.029,4963.6,0,0,0.8205845003198343
40978,44,admin.,married,university.degree,no,yes,no,cellular,oct,mon,1,0,nonexistent,-1.1,94.601,-49.5,1.0,4963.6,0,0,0.8204618785665563
40911,33,services,single,university.degree,no,no,no,cellular,oct,mon,2,0,nonexistent,-1.1,94.601,-49.5,0.977,4963.6,0,0,0.8186577995726108
40955,61,blue-collar,married,professional.course,no,yes,no,cellular,oct,thu,2,0,nonexistent,-1.1,94.601,-49.5,0.987,4963.6,0,0,0.817486771463294
40881,64,unemployed,divorced,basic.9y,no,yes,no,cellular,oct,wed,2,0,nonexistent,-1.1,94.601,-49.5,0.959,4963.6,0,0,0.8165461369325429
40903,31,technician,single,professional.course,no,yes,no,cellular,oct,fri,2,0,nonexistent,-1.1,94.601,-49.5,0.972,4963.6,0,0,0.8158474284893479
38473,50,management,married,basic.9y,no,no,no,cellular,oct,mon,2,2,failure,-3.4,92.431,-26.9,0.731,5017.5,1,6,0.8151683337688214
40373,18,student,single,unknown,no,yes,no,cellular,aug,wed,2,1,success,-1.7,94.027,-38.3,0.9,4991.6,1,6,0.8151599471763199
41004,80,retired,married,professional.course,no,yes,no,cellular,oct,thu,1,1,failure,-1.1,94.601,-49.5,1.025,4963.6,0,0,0.8132600519342065
40856,50,management,married,university.degree,no,yes,no,cellular,oct,fri,2,0,nonexistent,-1.1,94.601,-49.5,0.942,4963.6,0,0,0.813085643317904
40969,84,retired,divorced,basic.4y,unknown,yes,no,cellular,oct,fri,4,0,nonexistent,-1.1,94.601,-49.5,0.993,4963.6,0,0,0.8102684207959322
40469,92,retired,married,unknown,no,no,yes,cellular,aug,wed,1,4,success,-1.7,94.027,-38.3,0.903,4991.6,1,3,0.8092261223699316
38245,33,blue-collar,married,basic.4y,no,yes,no,telephone,oct,mon,3,1,success,-3.4,92.431,-26.9,0.743,5017.5,1,3,0.8077597254496168
41023,27,self-employed,single,university.degree,no,no,no,telephone,oct,fri,3,0,nonexistent,-1.1,94.601,-49.5,1.029,4963.6,0,0,0.8065661701040944
40862,27,student,single,university.degree,no,yes,no,cellular,oct,fri,1,3,failure,-1.1,94.601,-49.5,0.942,4963.6,0,0,0.804751007456367
38148,61,retired,married,high.school,no,yes,no,cellular,sep,wed,1,1,success,-3.4,92.379,-29.8,0.753,5017.5,1,3,0.8033704894405744
38347,50,technician,married,professional.course,no,unknown,unknown,cellular,oct,fri,1,2,failure,-3.4,92.431,-26.9,0.739,5017.5,1,8,0.8033104728479791
40896,27,student,single,unknown,no,yes,no,cellular,oct,fri,2,1,failure,-1.1,94.601,-49.5,0.972,4963.6,0,0,0.8025080181408195
39008,30,student,single,unknown,no,no,no,cellular,dec,wed,1,2,success,-3.0,92.713,-33.0,0.715,5023.5,1,4,0.8010477533720702
40989,24,student,single,professional.course,no,no,yes,cellular,oct,tue,3,2,failure,-1.1,94.601,-49.5,1.008,4963.6,0,0,0.7998081800445379
40887,31,admin.,single,university.degree,no,yes,no,telephone,oct,fri,1,0,nonexistent,-1.1,94.601,-49.5,0.972,4963.6,0,0,0.7998031518580521
38128,68,retired,single,university.degree,no,yes,no,cellular,sep,fri,1,1,success,-3.4,92.379,-29.8,0.741,5017.5,1,3,0.7997324885821839
40905,59,services,married,university.degree,no,yes,no,cellular,oct,mon,1,0,nonexistent,-1.1,94.601,-49.5,0.977,4963.6,0,0,0.799655122990745
40888,62,blue-collar,married,unknown,no,no,no,cellular,oct,fri,3,0,nonexistent,-1.1,94.601,-49.5,0.972,4963.6,0,0,0.799435088555456
40873,32,admin.,married,high.school,no,yes,no,telephone,oct,wed,1,0,nonexistent,-1.1,94.601,-49.5,0.959,4963.6,0,0,0.7988380983419062
40996,81,retired,married,basic.4y,no,yes,no,cellular,oct,wed,1,2,failure,-1.1,94.601,-49.5,1.016,4963.6,0,0,0.798569377590779
40946,60,retired,married,basic.4y,no,yes,no,cellular,oct,wed,2,1,failure,-1.1,94.601,-49.5,0.985,4963.6,0,0,0.7980240112832377
40450,92,retired,married,unknown,no,no,yes,cellular,aug,tue,1,1,success,-1.7,94.027,-38.3,0.904,4991.6,1,3,0.7975145886199689
40376,27,student,single,university.degree,no,yes,no,telephone,aug,wed,1,5,success,-1.7,94.027,-38.3,0.9,4991.6,1,0,0.7962486911451958
37925,60,retired,married,professional.course,no,yes,no,cellular,sep,thu,1,1,success,-3.4,92.379,-29.8,0.809,5017.5,1,3,0.7938406066538909
38254,71,retired,single,university.degree,no,yes,no,cellular,oct,tue,1,0,nonexistent,-3.4,92.431,-26.9,0.742,5017.5,0,0,0.7937012564257989
38288,74,retired,married,unknown,no,yes,yes,cellular,oct,wed,1,0,nonexistent,-3.4,92.431,-26.9,0.742,5017.5,0,0,0.7923321421143712
38161,69,retired,married,university.degree,no,yes,no,cellular,oct,thu,1,0,nonexistent,-3.4,92.431,-26.9,0.754,5017.5,0,0,0.7915637081926111
39086,62,retired,married,university.degree,no,yes,no,cellular,dec,wed,1,1,success,-3.0,92.713,-33.0,0.706,5023.5,1,6,0.7911766380407267
38313,28,student,single,unknown,no,yes,no,cellular,oct,thu,1,0,nonexistent,-3.4,92.431,-26.9,0.74,5017.5,0,0,0.7910233137088584
39153,21,student,single,basic.9y,no,no,no,cellular,mar,wed,1,1,success,-1.8,93.369,-34.8,0.655,5008.7,1,6,0.7892792154792517
41055,27,technician,single,university.degree,no,yes,no,cellular,oct,wed,1,1,failure,-1.1,94.601,-49.5,1.043,4963.6,0,0,0.7889764739049103
41038,23,student,single,high.school,no,yes,no,cellular,oct,mon,2,1,failure,-1.1,94.601,-49.5,1.032,4963.6,0,0,0.7888897542600974
40559,24,student,single,unknown,no,yes,no,cellular,sep,wed,1,1,success,-1.1,94.199,-37.5,0.886,4963.6,1,5,0.7886738419145011
40484,76,retired,married,university.degree,no,yes,no,cellular,aug,thu,2,3,success,-1.7,94.027,-38.3,0.899,4991.6,1,6,0.7882104279046445
38153,37,unknown,single,university.degree,no,no,no,cellular,sep,wed,1,1,success,-3.4,92.379,-29.8,0.753,5017.5,1,1,0.7877693589889615
38015,69,retired,married,basic.9y,no,yes,no,cellular,sep,wed,1,1,success,-3.4,92.379,-29.8,0.781,5017.5,1,5,0.7874848366239059
40858,59,unemployed,married,basic.9y,no,yes,yes,cellular,oct,fri,1,0,nonexistent,-1.1,94.601,-49.5,0.942,4963.6,0,0,0.7870048275472985
40276,68,retired,divorced,high.school,no,yes,yes,cellular,jul,wed,1,1,success,-1.7,94.215,-40.3,0.896,4991.6,1,3,0.7851541587679637
38221,63,retired,married,high.school,no,no,no,cellular,oct,wed,1,0,nonexistent,-3.4,92.431,-26.9,0.74,5017.5,0,0,0.783264770093428
38222,63,retired,married,high.school,no,no,no,cellular,oct,wed,1,0,nonexistent,-3.4,92.431,-26.9,0.74,5017.5,0,0,0.783264770093428
40351,31,student,single,university.degree,no,no,no,cellular,aug,tue,4,2,success,-1.7,94.027,-38.3,0.899,4991.6,1,6,0.7830701780865671
40926,31,blue-collar,single,basic.9y,no,no,no,telephone,oct,tue,1,0,nonexistent,-1.1,94.601,-49.5,0.982,4963.6,0,0,0.7821804639106504
39147,19,student,single,basic.6y,no,yes,no,cellular,mar,tue,1,2,success,-1.8,93.369,-34.8,0.655,5008.7,1,5,0.7817995548510444
40382,30,admin.,single,university.degree,no,yes,no,cellular,aug,wed,1,2,success,-1.7,94.027,-38.3,0.9,4991.6,1,0,0.7813322281284298
38527,62,retired,married,high.school,no,no,no,cellular,oct,wed,1,0,nonexistent,-3.4,92.431,-26.9,0.724,5017.5,0,0,0.7812549335777345
38202,63,retired,married,high.school,no,yes,no,cellular,oct,wed,1,0,nonexistent,-3.4,92.431,-26.9,0.74,5017.5,0,0,0.7810951704336297
38258,35,student,single,university.degree,no,yes,no,cellular,oct,tue,2,0,nonexistent,-3.4,92.431,-26.9,0.742,5017.5,0,0,0.7808772272653571
40965,81,retired,divorced,basic.4y,no,yes,no,cellular,oct,thu,1,1,failure,-1.1,94.601,-49.5,0.987,4963.6,0,0,0.7804591801926175
40919,22,unemployed,single,university.degree,no,no,yes,telephone,oct,mon,2,0,nonexistent,-1.1,94.601,-49.5,0.977,4963.6,0,0,0.780361900361637
41174,62,retired,married,university.degree,no,yes,no,cellular,nov,thu,1,6,success,-1.1,94.767,-50.8,1.031,4963.6,1,1,0.7795131442464512
40923,20,student,single,unknown,no,no,no,cellular,oct,mon,3,3,failure,-1.1,94.601,-49.5,0.977,4963.6,0,0,0.7794895441919352
38498,22,student,single,basic.6y,no,yes,no,cellular,oct,tue,1,0,nonexistent,-3.4,92.431,-26.9,0.728,5017.5,0,0,0.7793844396457379
38499,22,student,single,basic.6y,no,yes,no,cellular,oct,tue,1,0,nonexistent,-3.4,92.431,-26.9,0.728,5017.5,0,0,0.7793844396457379
39058,76,retired,married,university.degree,no,yes,yes,cellular,dec,thu,2,2,success,-3.0,92.713,-33.0,0.712,5023.5,1,4,0.7791805691623107
38521,63,retired,married,high.school,no,yes,no,cellular,oct,wed,1,0,nonexistent,-3.4,92.431,-26.9,0.724,5017.5,0,0,0.7788827279396677
40380,48,admin.,single,university.degree,no,yes,no,cellular,aug,wed,1,2,success,-1.7,94.027,-38.3,0.9,4991.6,1,0,0.7779526861751863
39227,64,retired,married,university.degree,no,no,no,cellular,mar,tue,2,1,success,-1.8,93.369,-34.8,0.652,5008.7,1,5,0.7770783407834122
40922,61,admin.,married,high.school,no,yes,no,cellular,oct,mon,4,0,nonexistent,-1.1,94.601,-49.5,0.977,4963.6,0,0,0.7767645013506999
40935,20,student,single,unknown,no,no,no,telephone,oct,tue,1,1,failure,-1.1,94.601,-49.5,0.982,4963.6,0,0,0.7759857859178202
40879,75,retired,married,basic.4y,no,yes,no,cellular,oct,wed,3,3,failure,-1.1,94.601,-49.5,0.959,4963.6,0,0,0.7757203220271844
39061,76,retired,married,university.degree,no,no,yes,cellular,dec,thu,3,2,success,-3.0,92.713,-33.0,0.712,5023.5,1,4,0.7757050970676419
38286,71,retired,married,basic.9y,no,no,no,cellular,oct,wed,1,0,nonexistent,-3.4,92.431,-26.9,0.742,5017.5,0,0,0.7756174412469137
41098,29,student,single,high.school,no,yes,yes,cellular,nov,thu,1,3,success,-1.1,94.767,-50.8,1.05,4963.6,1,3,0.7752258337182337
39180,64,retired,married,university.degree,no,no,no,cellular,mar,fri,1,2,success,-1.8,93.369,-34.8,0.653,5008.7,1,3,0.775042486812447
37970,61,retired,married,university.degree,no,no,no,cellular,sep,mon,1,2,success,-3.4,92.379,-29.8,0.797,5017.5,1,3,0.7748392966664845
41059,42,services,married,basic.9y,no,no,no,telephone,oct,thu,1,0,nonexistent,-1.1,94.601,-49.5,1.045,4963.6,0,0,0.7743399402463419
40984,44,services,married,high.school,no,no,no,cellular,oct,mon,3,0,nonexistent,-1.1,94.601,-49.5,1.0,4963.6,0,0,0.7736722418222358
38567,67,retired,married,unknown,no,no,no,cellular,oct,thu,2,0,nonexistent,-3.4,92.431,-26.9,0.722,5017.5,0,0,0.7724500837613306
38184,82,retired,married,university.degree,no,yes,no,cellular,oct,tue,1,0,nonexistent,-3.4,92.431,-26.9,0.744,5017.5,0,0,0.7724433765990957
38192,82,retired,married,university.degree,no,yes,no,cellular,oct,tue,1,0,nonexistent,-3.4,92.431,-26.9,0.744,5017.5,0,0,0.7724433765990957
38033,76,retired,married,basic.4y,no,yes,no,cellular,sep,wed,2,1,success,-3.4,92.379,-29.8,0.781,5017.5,1,3,0.772277322219335
38253,71,retired,single,university.degree,no,unknown,unknown,cellular,oct,tue,1,0,nonexistent,-3.4,92.431,-26.9,0.742,5017.5,0,0,0.7715791727076904
39215,64,retired,married,university.degree,no,no,no,cellular,mar,tue,2,1,success,-1.8,93.369,-34.8,0.652,5008.7,1,6,0.770592041988913
40991,67,retired,divorced,basic.4y,no,yes,no,cellular,oct,tue,1,1,failure,-1.1,94.601,-49.5,1.008,4963.6,0,0,0.7704075599901097
39348,78,retired,married,unknown,no,no,no,cellular,mar,thu,1,2,success,-1.8,93.369,-34.8,0.635,5008.7,1,6,0.7694974348492
38556,72,retired,married,basic.6y,no,yes,yes,cellular,oct,thu,3,0,nonexistent,-3.4,92.431,-26.9,0.722,5017.5,0,0,0.7692550220185191
40573,22,student,single,high.school,no,no,no,cellular,sep,wed,3,1,success,-1.1,94.199,-37.5,0.886,4963.6,1,5,0.7681200600069774
40894,39,housemaid,married,basic.4y,no,no,no,cellular,oct,fri,1,0,nonexistent,-1.1,94.601,-49.5,0.972,4963.6,0,0,0.7679432979429113
40863,30,self-employed,single,basic.9y,no,no,yes,telephone,oct,mon,1,0,nonexistent,-1.1,94.601,-49.5,0.953,4963.6,0,0,0.767722916322709
40799,23,student,single,high.school,no,no,yes,cellular,sep,thu,2,2,success,-1.1,94.199,-37.5,0.878,4963.6,1,3,0.7676626420698696
38408,70,retired,married,high.school,no,yes,no,cellular,oct,wed,3,0,nonexistent,-3.4,92.431,-26.9,0.735,5017.5,0,0,0.7675874725770668
38229,77,retired,divorced,unknown,no,no,no,cellular,oct,thu,2,0,nonexistent,-3.4,92.431,-26.9,0.741,5017.5,0,0,0.7665357227831671
38541,24,student,single,high.school,no,yes,no,cellular,oct,thu,3,0,nonexistent,-3.4,92.431,-26.9,0.722,5017.5,0,0,0.7661732830929203
40278,24,student,single,professional.course,no,no,no,cellular,jul,wed,2,3,success,-1.7,94.215,-40.3,0.896,4991.6,1,6,0.7657192616859968
38515,21,student,single,high.school,no,no,no,cellular,oct,tue,1,0,nonexistent,-3.4,92.431,-26.9,0.728,5017.5,0,0,0.7655524895309765
40586,60,retired,married,university.degree,no,no,no,cellular,sep,thu,2,1,success,-1.1,94.199,-37.5,0.884,4963.6,1,6,0.7642715107434942
40979,56,technician,divorced,professional.course,no,yes,yes,cellular,oct,mon,5,0,nonexistent,-1.1,94.601,-49.5,1.0,4963.6,0,0,0.7637905363860702
37918,25,admin.,single,university.degree,no,yes,no,cellular,sep,thu,1,1,success,-3.4,92.379,-29.8,0.809,5017.5,1,1,0.7623872744761747
40865,40,technician,married,professional.course,no,yes,no,telephone,oct,tue,1,0,nonexistent,-1.1,94.601,-49.5,0.956,4963.6,0,0,0.7618520985271763
38597,18,student,single,basic.6y,no,no,yes,cellular,oct,fri,2,0,nonexistent,-3.4,92.431,-26.9,0.72,5017.5,0,0,0.7614789958555445
40864,58,admin.,married,university.degree,no,yes,no,telephone,oct,mon,1,0,nonexistent,-1.1,94.601,-49.5,0.953,4963.6,0,0,0.7608635464979517
41178,62,retired,married,university.degree,no,no,no,cellular,nov,thu,2,3,success,-1.1,94.767,-50.8,1.031,4963.6,1,6,0.759842678569926
40418,59,retired,married,professional.course,no,no,no,cellular,aug,fri,3,1,success,-1.7,94.027,-38.3,0.905,4991.6,1,3,0.7596181268111365
38450,24,student,single,unknown,no,yes,no,cellular,oct,fri,1,0,nonexistent,-3.4,92.431,-26.9,0.73,5017.5,0,0,0.759412471270209
40728,24,student,single,high.school,no,yes,yes,cellular,sep,wed,2,2,success,-1.1,94.199,-37.5,0.876,4963.6,1,6,0.7591329256728614
40466,26,student,single,high.school,no,yes,no,cellular,aug,wed,1,1,success,-1.7,94.027,-38.3,0.903,4991.6,1,14,0.7586658706599788
40735,60,retired,married,high.school,no,no,no,cellular,sep,wed,1,1,success,-1.1,94.199,-37.5,0.876,4963.6,1,6,0.7586008830214264
40366,61,retired,married,university.degree,no,no,no,telephone,aug,wed,2,1,success,-1.7,94.027,-38.3,0.9,4991.6,1,7,0.7577680936386596
41043,38,admin.,divorced,university.degree,no,yes,no,telephone,oct,mon,3,0,nonexistent,-1.1,94.601,-49.5,1.032,4963.6,0,0,0.7575998236659016
40413,59,retired,married,professional.course,no,yes,no,cellular,aug,fri,2,2,success,-1.7,94.027,-38.3,0.905,4991.6,1,3,0.7575346405977114
38967,83,retired,married,high.school,no,no,no,cellular,dec,thu,1,3,success,-3.0,92.713,-33.0,0.72,5023.5,1,4,0.7554515646302042
36368,24,student,single,high.school,no,no,no,cellular,jun,tue,1,1,success,-2.9,92.963,-40.8,1.262,5076.2,1,3,0.7553983132875963
38548,80,retired,divorced,high.school,no,yes,no,cellular,oct,thu,1,0,nonexistent,-3.4,92.431,-26.9,0.722,5017.5,0,0,0.7543314920384944
40726,32,student,single,high.school,no,no,no,cellular,sep,tue,2,1,success,-1.1,94.199,-37.5,0.877,4963.6,1,3,0.7534579123387967
40360,48,admin.,married,university.degree,no,yes,yes,cellular,aug,wed,1,3,success,-1.7,94.027,-38.3,0.9,4991.6,1,0,0.7533182564414826
40470,75,retired,married,basic.4y,no,no,no,cellular,aug,wed,2,3,success,-1.7,94.027,-38.3,0.903,4991.6,1,6,0.752874405970429
40454,65,retired,married,professional.course,no,yes,no,cellular,aug,tue,1,3,success,-1.7,94.027,-38.3,0.904,4991.6,1,6,0.7521327679850398
40924,28,blue-collar,single,basic.9y,no,yes,no,telephone,oct,mon,1,0,nonexistent,-1.1,94.601,-49.5,0.977,4963.6,0,0,0.7519265286138718
39336,30,student,single,unknown,no,yes,no,cellular,mar,tue,1,1,success,-1.8,93.369,-34.8,0.637,5008.7,1,9,0.7519100431461818
40556,69,retired,married,high.school,no,yes,yes,cellular,sep,wed,1,2,success,-1.1,94.199,-37.5,0.886,4963.6,1,6,0.7517444129434059
40744,19,student,single,basic.6y,no,yes,no,cellular,sep,thu,2,4,success,-1.1,94.199,-37.5,0.879,4963.6,1,6,0.7497238602916012
39184,72,retired,married,professional.course,no,no,no,cellular,mar,fri,1,1,success,-1.8,93.369,-34.8,0.653,5008.7,1,3,0.7496328041308196
39325,38,student,single,unknown,no,no,yes,cellular,mar,mon,1,4,success,-1.8,93.369,-34.8,0.639,5008.7,1,3,0.7493762345361202
38977,23,student,single,university.degree,no,yes,no,cellular,dec,fri,2,2,success,-3.0,92.713,-33.0,0.718,5023.5,1,6,0.7492046423604116
38246,77,retired,married,university.degree,no,no,yes,cellular,oct,mon,1,0,nonexistent,-3.4,92.431,-26.9,0.743,5017.5,0,0,0.7488374397267593
40371,28,student,single,basic.9y,no,no,yes,cellular,aug,wed,1,3,failure,-1.7,94.027,-38.3,0.9,4991.6,1,6,0.748634902133429
39065,21,student,single,university.degree,no,yes,no,cellular,dec,fri,3,1,success,-3.0,92.713,-33.0,0.71,5023.5,1,6,0.7481474965904136
38448,21,student,single,high.school,no,yes,no,cellular,oct,fri,1,0,nonexistent,-3.4,92.431,-26.9,0.73,5017.5,0,0,0.7472951719494898
40117,83,retired,married,university.degree,no,yes,no,cellular,jul,tue,1,2,success,-1.7,94.215,-40.3,0.835,4991.6,1,6,0.7472950874970348
38181,63,retired,married,basic.6y,no,yes,no,cellular,oct,fri,2,0,nonexistent,-3.4,92.431,-26.9,0.752,5017.5,0,0,0.7472679053674726
38557,82,retired,single,basic.4y,no,yes,no,cellular,oct,thu,2,0,nonexistent,-3.4,92.431,-26.9,0.722,5017.5,0,0,0.7464473371699887
38577,82,retired,single,basic.4y,no,yes,no,cellular,oct,thu,2,0,nonexistent,-3.4,92.431,-26.9,0.722,5017.5,0,0,0.7464473371699887
40971,68,retired,divorced,high.school,no,yes,no,cellular,oct,mon,4,2,failure,-1.1,94.601,-49.5,1.0,4963.6,0,0,0.7458794019317111
38091,31,self-employed,married,university.degree,no,no,no,cellular,sep,wed,1,1,success,-3.4,92.379,-29.8,0.768,5017.5,1,3,0.745509924779974
40661,31,student,single,unknown,no,unknown,unknown,cellular,sep,wed,2,2,success,-1.1,94.199,-37.5,0.88,4963.6,1,6,0.7451641565108071
40734,23,student,single,professional.course,no,yes,no,cellular,sep,wed,1,2,success,-1.1,94.199,-37.5,0.876,4963.6,1,8,0.7451199059306967
40238,31,student,single,university.degree,no,no,no,cellular,jul,fri,3,2,success,-1.7,94.215,-40.3,0.885,4991.6,1,6,0.745003169759267
38194,65,retired,married,high.school,no,yes,no,cellular,oct,tue,2,0,nonexistent,-3.4,92.431,-26.9,0.744,5017.5,0,0,0.7447723708677901
40358,21,student,single,high.school,no,yes,no,cellular,aug,tue,3,2,success,-1.7,94.027,-38.3,0.899,4991.6,1,9,0.7439267167212077
38517,75,retired,married,basic.4y,no,no,no,cellular,oct,wed,2,0,nonexistent,-3.4,92.431,-26.9,0.724,5017.5,0,0,0.7438999992209148
38443,24,student,single,unknown,no,no,no,cellular,oct,fri,4,0,nonexistent,-3.4,92.431,-26.9,0.73,5017.5,0,0,0.7434030756142339
38071,70,retired,married,basic.4y,no,no,no,cellular,sep,tue,1,2,success,-3.4,92.379,-29.8,0.77,5017.5,1,3,0.743386964427053
36245,22,student,single,basic.6y,no,yes,no,cellular,jun,mon,1,1,success,-2.9,92.963,-40.8,1.266,5076.2,1,3,0.7420809130479139
40961,54,self-employed,married,university.degree,no,no,no,cellular,oct,thu,3,1,failure,-1.1,94.601,-49.5,0.987,4963.6,0,0,0.7411592696850824
38255,71,retired,single,university.degree,no,no,no,telephone,oct,tue,1,0,nonexistent,-3.4,92.431,-26.9,0.742,5017.5,0,0,0.7410107050936126
38281,71,retired,single,university.degree,no,no,no,telephone,oct,tue,1,0,nonexistent,-3.4,92.431,-26.9,0.742,5017.5,0,0,0.7410107050936126
38190,69,retired,divorced,professional.course,no,no,no,cellular,oct,tue,1,0,nonexistent,-3.4,92.431,-26.9,0.744,5017.5,0,0,0.7404488120357513
38553,58,retired,divorced,high.school,no,yes,no,cellular,oct,thu,4,0,nonexistent,-3.4,92.431,-26.9,0.722,5017.5,0,0,0.7402807779416984
38373,20,student,single,high.school,no,no,yes,cellular,oct,mon,1,0,nonexistent,-3.4,92.431,-26.9,0.739,5017.5,0,0,0.740042913085256
38361,21,student,single,high.school,no,no,yes,cellular,oct,mon,1,0,nonexistent,-3.4,92.431,-26.9,0.739,5017.5,0,0,0.7398326121570262
38410,88,retired,divorced,basic.4y,no,yes,no,cellular,oct,wed,1,0,nonexistent,-3.4,92.431,-26.9,0.735,5017.5,0,0,0.7394968268723054
38573,54,retired,married,basic.4y,no,no,no,cellular,oct,thu,1,0,nonexistent,-3.4,92.431,-26.9,0.722,5017.5,0,0,0.7390616679975737
40372,28,student,single,basic.9y,no,no,no,telephone,aug,wed,2,2,success,-1.7,94.027,-38.3,0.9,4991.6,1,6,0.7387516510406213
38386,21,student,single,high.school,no,no,no,cellular,oct,mon,1,0,nonexistent,-3.4,92.431,-26.9,0.739,5017.5,0,0,0.7381179741183082
39258,26,student,single,high.school,no,no,no,cellular,mar,fri,1,3,success,-1.8,93.369,-34.8,0.649,5008.7,1,6,0.7364033153858126
38546,55,retired,married,basic.4y,no,yes,no,cellular,oct,thu,1,0,nonexistent,-3.4,92.431,-26.9,0.722,5017.5,0,0,0.7363862874292602
39340,30,student,single,unknown,no,no,no,cellular,mar,thu,1,1,success,-1.8,93.369,-34.8,0.635,5008.7,1,14,0.7358642379991416
38584,26,student,single,high.school,no,no,no,cellular,oct,fri,3,0,nonexistent,-3.4,92.431,-26.9,0.72,5017.5,0,0,0.7345453828088688
38540,54,retired,married,basic.4y,no,no,yes,cellular,oct,thu,2,0,nonexistent,-3.4,92.431,-26.9,0.722,5017.5,0,0,0.7344200596917875
38582,78,retired,divorced,basic.6y,no,no,no,cellular,oct,fri,2,0,nonexistent,-3.4,92.431,-26.9,0.72,5017.5,0,0,0.7343727927814593
39334,30,student,single,unknown,no,no,yes,telephone,mar,tue,1,2,success,-1.8,93.369,-34.8,0.637,5008.7,1,3,0.7335049930282529
40161,20,student,single,basic.9y,no,yes,no,cellular,jul,thu,3,3,success,-1.7,94.215,-40.3,0.846,4991.6,1,6,0.7334391625976496
38569,69,retired,married,basic.4y,no,yes,no,cellular,oct,thu,1,0,nonexistent,-3.4,92.431,-26.9,0.722,5017.5,0,0,0.7334054689618889
40391,26,unemployed,single,university.degree,no,yes,no,cellular,aug,thu,1,3,success,-1.7,94.027,-38.3,0.904,4991.6,1,3,0.7324416850911432
40963,54,self-employed,married,university.degree,no,yes,no,cellular,oct,thu,4,1,failure,-1.1,94.601,-49.5,0.987,4963.6,0,0,0.7323242535629751
40381,47,admin.,married,university.degree,no,no,no,cellular,aug,wed,1,2,success,-1.7,94.027,-38.3,0.9,4991.6,1,4,0.7319494860003828
40346,31,student,single,university.degree,no,no,no,cellular,aug,tue,1,2,failure,-1.7,94.027,-38.3,0.899,4991.6,1,9,0.7317738725154266
38976,60,retired,married,university.degree,no,no,no,cellular,dec,fri,3,2,success,-3.0,92.713,-33.0,0.718,5023.5,1,6,0.7314826266900603
38550,31,entrepreneur,unknown,university.degree,no,no,no,cellular,oct,thu,1,0,nonexistent,-3.4,92.431,-26.9,0.722,5017.5,0,0,0.7314583112278722
37954,72,retired,married,basic.4y,no,no,no,cellular,sep,fri,1,2,success,-3.4,92.379,-29.8,0.803,5017.5,1,3,0.7310679541571254
40288,60,retired,married,professional.course,no,yes,yes,cellular,jul,thu,4,2,success,-1.7,94.215,-40.3,0.899,4991.6,1,6,0.7307143915782772
40642,66,retired,married,unknown,no,yes,no,cellular,sep,tue,2,1,success,-1.1,94.199,-37.5,0.881,4963.6,1,6,0.7302888434084178
36295,56,retired,divorced,university.degree,no,yes,no,cellular,jun,mon,1,1,success,-2.9,92.963,-40.8,1.266,5076.2,1,3,0.7300121712227341
38412,62,retired,divorced,university.degree,no,yes,no,telephone,oct,wed,3,0,nonexistent,-3.4,92.431,-26.9,0.735,5017.5,0,0,0.7298499032317539
40370,59,unknown,married,unknown,no,no,no,cellular,aug,wed,1,1,success,-1.7,94.027,-38.3,0.9,4991.6,1,6,0.7295000280366636
38509,68,retired,divorced,professional.course,no,yes,no,cellular,oct,tue,2,0,nonexistent,-3.4,92.431,-26.9,0.728,5017.5,0,0,0.7292749758965718
39389,56,admin.,single,university.degree,no,no,no,cellular,mar,wed,1,1,success,-1.8,93.369,-34.8,0.634,5008.7,1,5,0.7285471750366995
38531,32,admin.,single,university.degree,no,no,no,cellular,oct,wed,1,0,nonexistent,-3.4,92.431,-26.9,0.724,5017.5,0,0,0.7280803976798226
38082,24,admin.,single,university.degree,no,no,no,cellular,sep,tue,1,1,success,-3.4,92.379,-29.8,0.77,5017.5,1,3,0.7279278691000112
38563,60,retired,divorced,basic.4y,no,yes,no,cellular,oct,thu,1,0,nonexistent,-3.4,92.431,-26.9,0.722,5017.5,0,0,0.7279167906276569
38533,24,technician,single,university.degree,no,no,no,cellular,oct,wed,1,0,nonexistent,-3.4,92.431,-26.9,0.724,5017.5,0,0,0.727911376783285
40844,30,student,single,professional.course,no,yes,no,cellular,sep,tue,2,1,success,-1.1,94.199,-37.5,0.88,4963.6,1,6,0.7254663822161971
40458,70,retired,married,basic.4y,no,yes,no,cellular,aug,tue,3,1,success,-1.7,94.027,-38.3,0.904,4991.6,1,6,0.7247784927136268
38304,28,student,single,high.school,no,no,no,telephone,oct,thu,1,0,nonexistent,-3.4,92.431,-26.9,0.74,5017.5,0,0,0.7244112813858191
40859,32,admin.,single,university.degree,no,no,no,cellular,oct,fri,1,2,failure,-1.1,94.601,-49.5,0.942,4963.6,0,0,0.7242070097927727
38183,71,retired,married,basic.9y,no,no,no,cellular,oct,fri,2,0,nonexistent,-3.4,92.431,-26.9,0.752,5017.5,0,0,0.7227583073503105
40332,25,student,single,high.school,no,yes,no,cellular,aug,mon,8,1,success,-1.7,94.027,-38.3,0.898,4991.6,1,4,0.7227125089797103
38297,28,technician,single,university.degree,no,yes,yes,cellular,oct,wed,2,0,nonexistent,-3.4,92.431,-26.9,0.742,5017.5,0,0,0.722624558418033
40731,19,student,single,basic.4y,no,yes,no,cellular,sep,wed,2,3,success,-1.1,94.199,-37.5,0.876,4963.6,1,6,0.7218016405310915
38424,32,admin.,single,university.degree,no,yes,no,cellular,oct,wed,2,0,nonexistent,-3.4,92.431,-26.9,0.735,5017.5,0,0,0.7207556875270992
38549,75,retired,divorced,basic.4y,no,no,no,cellular,oct,thu,2,0,nonexistent,-3.4,92.431,-26.9,0.722,5017.5,0,0,0.7206320506921817
40974,47,admin.,single,university.degree,no,yes,no,cellular,oct,mon,1,1,failure,-1.1,94.601,-49.5,1.0,4963.6,0,0,0.7204074259974078
38037,25,admin.,single,high.school,no,no,no,cellular,sep,thu,1,1,success,-3.4,92.379,-29.8,0.778,5017.5,1,3,0.7195934523900266
40171,63,retired,married,basic.4y,no,yes,no,cellular,jul,thu,1,1,success,-1.7,94.215,-40.3,0.846,4991.6,1,6,0.7190496606034096
39392,27,admin.,single,university.degree,no,yes,no,cellular,mar,wed,1,2,success,-1.8,93.369,-34.8,0.634,5008.7,1,6,0.718634002622242
38488,71,retired,married,basic.4y,no,no,no,cellular,oct,tue,1,0,nonexistent,-3.4,92.431,-26.9,0.728,5017.5,0,0,0.7185743932694311
38514,71,retired,married,basic.4y,no,no,no,cellular,oct,tue,1,0,nonexistent,-3.4,92.431,-26.9,0.728,5017.5,0,0,0.7185743932694311
39134,66,retired,married,basic.4y,no,yes,no,cellular,mar,tue,1,1,success,-1.8,93.369,-34.8,0.655,5008.7,1,6,0.7181601959510271
38322,83,retired,married,basic.9y,no,no,no,cellular,oct,fri,2,0,nonexistent,-3.4,92.431,-26.9,0.739,5017.5,0,0,0.7180066806965744
40876,26,admin.,single,university.degree,no,no,no,telephone,oct,wed,1,2,failure,-1.1,94.601,-49.5,0.959,4963.6,0,0,0.717917079330222
40487,33,admin.,married,university.degree,no,yes,no,cellular,aug,thu,1,3,success,-1.7,94.027,-38.3,0.899,4991.6,1,3,0.7175811814236245
40384,44,services,divorced,basic.6y,no,yes,no,cellular,aug,wed,3,1,success,-1.7,94.027,-38.3,0.9,4991.6,1,0,0.7163778620582802
41092,31,admin.,single,university.degree,no,yes,no,cellular,nov,wed,1,5,success,-1.1,94.767,-50.8,1.048,4963.6,1,2,0.7163321586760872
40860,32,admin.,single,university.degree,no,yes,no,cellular,oct,fri,1,3,failure,-1.1,94.601,-49.5,0.942,4963.6,0,0,0.7152924385714954
38170,29,admin.,single,university.degree,no,yes,no,cellular,oct,thu,1,0,nonexistent,-3.4,92.431,-26.9,0.754,5017.5,0,0,0.7150872812089754
38206,86,retired,divorced,basic.4y,no,unknown,unknown,cellular,oct,wed,1,0,nonexistent,-3.4,92.431,-26.9,0.74,5017.5,0,0,0.7149274702071259
40262,84,retired,divorced,basic.4y,no,yes,yes,cellular,jul,tue,1,2,success,-1.7,94.215,-40.3,0.893,4991.6,1,3,0.714147141801607
40964,51,admin.,married,high.school,no,no,yes,cellular,oct,thu,2,1,failure,-1.1,94.601,-49.5,0.987,4963.6,0,0,0.7139415214027021
38176,26,technician,single,university.degree,no,yes,no,cellular,oct,thu,1,0,nonexistent,-3.4,92.431,-26.9,0.754,5017.5,0,0,0.7137983376606566
38434,31,admin.,single,university.degree,no,no,no,cellular,oct,thu,1,0,nonexistent,-3.4,92.431,-26.9,0.733,5017.5,0,0,0.713787094631461
40514,33,student,married,professional.course,no,yes,no,cellular,aug,mon,3,4,success,-1.7,94.027,-38.3,0.896,4991.6,1,3,0.7137141213400099
40932,27,blue-collar,single,high.school,no,no,no,cellular,oct,tue,1,2,failure,-1.1,94.601,-49.5,0.982,4963.6,0,0,0.7136219275834741
39164,34,technician,single,university.degree,no,yes,yes,cellular,mar,thu,3,2,success,-1.8,93.369,-34.8,0.654,5008.7,1,3,0.7133277270147842
38241,75,retired,married,basic.9y,no,no,no,cellular,oct,mon,1,0,nonexistent,-3.4,92.431,-26.9,0.743,5017.5,0,0,0.7132799603524422
41015,34,admin.,divorced,university.degree,no,unknown,unknown,cellular,oct,thu,2,1,failure,-1.1,94.601,-49.5,1.025,4963.6,0,0,0.7132692628829873
39226,34,admin.,single,university.degree,no,no,yes,cellular,mar,tue,2,1,success,-1.8,93.369,-34.8,0.652,5008.7,1,3,0.7123148060630077
38279,80,retired,married,basic.4y,no,no,no,cellular,oct,tue,2,0,nonexistent,-3.4,92.431,-26.9,0.742,5017.5,0,0,0.7121860960456915
38351,62,retired,married,university.degree,unknown,no,no,cellular,oct,fri,2,0,nonexistent,-3.4,92.431,-26.9,0.739,5017.5,0,0,0.7121075067730602
38193,80,retired,divorced,basic.4y,no,no,no,cellular,oct,tue,1,0,nonexistent,-3.4,92.431,-26.9,0.744,5017.5,0,0,0.7115104134225306
38195,80,retired,divorced,basic.4y,no,no,no,cellular,oct,tue,1,0,nonexistent,-3.4,92.431,-26.9,0.744,5017.5,0,0,0.7115104134225306
39124,73,retired,divorced,high.school,no,no,yes,cellular,dec,tue,3,2,success,-3.0,92.713,-33.0,0.707,5023.5,1,6,0.7112083447827513
36779,55,retired,married,high.school,no,yes,no,cellular,jun,fri,3,1,success,-2.9,92.963,-40.8,1.268,5076.2,1,3,0.711050995113993
38399,70,retired,married,basic.4y,no,yes,no,cellular,oct,tue,2,0,nonexistent,-3.4,92.431,-26.9,0.737,5017.5,0,0,0.7109886515888614
40995,54,services,divorced,high.school,no,no,no,cellular,oct,wed,1,1,failure,-1.1,94.601,-49.5,1.016,4963.6,0,0,0.7109263037299121
38303,49,admin.,single,university.degree,no,no,no,cellular,oct,thu,1,0,nonexistent,-3.4,92.431,-26.9,0.74,5017.5,0,0,0.710912025004439
38089,38,admin.,single,university.degree,unknown,yes,no,cellular,sep,wed,1,1,success,-3.4,92.379,-29.8,0.768,5017.5,1,3,0.7104534940623974
39255,23,student,single,high.school,no,no,no,telephone,mar,fri,1,1,success,-1.8,93.369,-34.8,0.649,5008.7,1,3,0.7100992267119527
38086,69,unknown,married,university.degree,no,yes,yes,cellular,sep,tue,2,1,success,-3.4,92.379,-29.8,0.77,5017.5,1,3,0.709982544916498
39222,34,admin.,single,university.degree,no,yes,yes,cellular,mar,tue,1,2,success,-1.8,93.369,-34.8,0.652,5008.7,1,3,0.7099778597492465
38053,28,admin.,single,university.degree,no,yes,no,cellular,sep,fri,1,3,success,-3.4,92.379,-29.8,0.773,5017.5,1,1,0.709434957840402
39249,33,admin.,married,university.degree,no,yes,no,cellular,mar,thu,1,1,success,-1.8,93.369,-34.8,0.65,5008.7,1,3,0.7094000323227031
40480,52,management,married,university.degree,no,yes,no,cellular,aug,thu,3,3,success,-1.7,94.027,-38.3,0.899,4991.6,1,1,0.7086879628867292
41001,38,admin.,divorced,basic.9y,no,no,no,cellular,oct,wed,2,3,failure,-1.1,94.601,-49.5,1.016,4963.6,0,0,0.7077915897818525
40291,80,retired,divorced,basic.4y,no,no,yes,cellular,jul,thu,2,2,success,-1.7,94.215,-40.3,0.899,4991.6,1,6,0.7075454687968383
38220,32,admin.,married,university.degree,no,yes,yes,cellular,oct,wed,1,0,nonexistent,-3.4,92.431,-26.9,0.74,5017.5,0,0,0.7066440331999475
41046,60,admin.,married,high.school,no,no,no,cellular,oct,tue,1,1,failure,-1.1,94.601,-49.5,1.037,4963.6,0,0,0.7066229072916325
38308,28,admin.,single,university.degree,no,yes,no,cellular,oct,thu,2,0,nonexistent,-3.4,92.431,-26.9,0.74,5017.5,0,0,0.7062442176395202
40221,37,unemployed,single,university.degree,no,yes,yes,cellular,jul,wed,1,2,success,-1.7,94.215,-40.3,0.881,4991.6,1,5,0.7062151270476406
40452,50,admin.,single,university.degree,no,no,no,cellular,aug,tue,1,2,success,-1.7,94.027,-38.3,0.904,4991.6,1,6,0.7059536878511233
38555,28,admin.,single,university.degree,no,no,no,cellular,oct,thu,2,0,nonexistent,-3.4,92.431,-26.9,0.722,5017.5,0,0,0.705876907018745
40112,28,student,single,high.school,no,yes,no,cellular,jul,mon,2,1,success,-1.7,94.215,-40.3,0.827,4991.6,1,6,0.7058308948812346
37896,27,management,single,university.degree,no,yes,no,cellular,sep,tue,2,2,success,-3.4,92.379,-29.8,0.819,5017.5,1,4,0.705798004209573
38417,36,admin.,married,university.degree,no,no,no,cellular,oct,wed,1,0,nonexistent,-3.4,92.431,-26.9,0.735,5017.5,0,0,0.7056988524871148
39152,33,admin.,married,university.degree,no,yes,no,cellular,mar,wed,3,1,success,-1.8,93.369,-34.8,0.655,5008.7,1,4,0.7054103290675391
40638,85,retired,married,basic.4y,no,no,no,cellular,sep,tue,1,2,success,-1.1,94.199,-37.5,0.881,4963.6,1,3,0.7052610129085797
40675,27,technician,single,university.degree,no,yes,no,cellular,sep,thu,1,1,success,-1.1,94.199,-37.5,0.879,4963.6,1,3,0.7051802141636425
40387,41,admin.,divorced,high.school,no,yes,yes,cellular,aug,thu,2,2,success,-1.7,94.027,-38.3,0.904,4991.6,1,0,0.7051163141287267
39326,38,student,single,unknown,no,yes,no,cellular,mar,mon,1,1,success,-1.8,93.369,-34.8,0.639,5008.7,1,11,0.7050674101245563
40472,35,admin.,married,university.degree,no,yes,no,cellular,aug,wed,2,3,success,-1.7,94.027,-38.3,0.903,4991.6,1,6,0.7045212896468184
40937,27,blue-collar,single,high.school,no,yes,no,cellular,oct,tue,3,1,failure,-1.1,94.601,-49.5,0.982,4963.6,0,0,0.703939192666124
38413,44,admin.,married,university.degree,no,no,no,cellular,oct,wed,1,0,nonexistent,-3.4,92.431,-26.9,0.735,5017.5,0,0,0.7038797840032003
38210,38,admin.,married,university.degree,no,yes,no,cellular,oct,wed,1,0,nonexistent,-3.4,92.431,-26.9,0.74,5017.5,0,0,0.703431829942466
40575,81,retired,divorced,basic.4y,no,no,no,cellular,sep,wed,2,1,success,-1.1,94.199,-37.5,0.886,4963.6,1,7,0.7032646792115762
40389,26,unemployed,single,university.degree,no,yes,no,cellular,aug,thu,3,2,success,-1.7,94.027,-38.3,0.904,4991.6,1,6,0.7030108216768094
39159,37,admin.,single,high.school,no,no,no,cellular,mar,wed,2,2,success,-1.8,93.369,-34.8,0.655,5008.7,1,4,0.7028141278046525
40417,27,admin.,single,university.degree,no,no,no,cellular,aug,fri,2,3,success,-1.7,94.027,-38.3,0.905,4991.6,1,3,0.7027975040338287
38534,30,admin.,married,university.degree,no,yes,no,cellular,oct,wed,1,0,nonexistent,-3.4,92.431,-26.9,0.724,5017.5,0,0,0.7025654124832196
40349,28,admin.,single,university.degree,no,yes,yes,cellular,aug,tue,2,2,success,-1.7,94.027,-38.3,0.899,4991.6,1,6,0.7024851613991392
38294,35,technician,married,university.degree,no,yes,no,cellular,oct,wed,1,0,nonexistent,-3.4,92.431,-26.9,0.742,5017.5,0,0,0.7024490762195322
39338,27,admin.,single,unknown,no,no,no,cellular,mar,tue,1,1,success,-1.8,93.369,-34.8,0.637,5008.7,1,3,0.7021706037254638
36412,24,unknown,single,university.degree,no,no,no,cellular,jun,tue,1,2,success,-2.9,92.963,-40.8,1.262,5076.2,1,3,0.7016993763333025
38524,35,admin.,married,university.degree,no,yes,no,cellular,oct,wed,1,0,nonexistent,-3.4,92.431,-26.9,0.724,5017.5,0,0,0.7014222792236027
38034,56,admin.,married,university.degree,no,yes,no,cellular,sep,thu,2,2,success,-3.4,92.379,-29.8,0.778,5017.5,1,3,0.7013490300786878
41101,63,retired,married,basic.4y,no,yes,no,cellular,nov,fri,1,2,success,-1.1,94.767,-50.8,1.049,4963.6,1,3,0.7012778720836859
36540,36,management,single,university.degree,no,yes,no,cellular,jun,wed,2,1,success,-2.9,92.963,-40.8,1.26,5076.2,1,3,0.7011796080624361
36589,29,technician,single,university.degree,no,no,no,cellular,jun,thu,1,1,success,-2.9,92.963,-40.8,1.26,5076.2,1,3,0.7002154596724317
38298,36,admin.,married,university.degree,no,no,no,cellular,oct,wed,2,0,nonexistent,-3.4,92.431,-26.9,0.742,5017.5,0,0,0.7000223692814329
40902,24,admin.,single,high.school,no,yes,no,cellular,oct,fri,2,1,failure,-1.1,94.601,-49.5,0.972,4963.6,0,0,0.6999913897668643
41097,34,admin.,married,university.degree,no,no,no,cellular,nov,wed,1,3,success,-1.1,94.767,-50.8,1.048,4963.6,1,3,0.699905282008203
41090,31,admin.,single,university.degree,no,no,yes,cellular,nov,wed,2,6,success,-1.1,94.767,-50.8,1.048,4963.6,1,3,0.699856661435535
38155,37,admin.,single,university.degree,no,yes,no,cellular,oct,thu,3,0,nonexistent,-3.4,92.431,-26.9,0.754,5017.5,0,0,0.6996930009266749
40897,32,services,single,university.degree,no,yes,no,cellular,oct,fri,2,2,failure,-1.1,94.601,-49.5,0.972,4963.6,0,0,0.6992294961322986
37998,66,management,divorced,university.degree,no,no,no,cellular,sep,tue,1,1,success,-3.4,92.379,-29.8,0.788,5017.5,1,1,0.6991243681412959
40163,70,retired,divorced,basic.4y,no,no,no,cellular,jul,thu,2,2,success,-1.7,94.215,-40.3,0.846,4991.6,1,6,0.6990599281652865
36414,24,unknown,single,university.degree,no,yes,no,cellular,jun,tue,1,2,success,-2.9,92.963,-40.8,1.262,5076.2,1,3,0.6990270206218375
40759,19,student,single,basic.6y,no,yes,yes,cellular,sep,thu,5,1,success,-1.1,94.199,-37.5,0.879,4963.6,1,13,0.6989938266468885
37915,60,unemployed,married,basic.6y,no,yes,no,cellular,sep,thu,1,1,success,-3.4,92.379,-29.8,0.809,5017.5,1,3,0.6989351571775975
38166,78,retired,married,basic.9y,no,yes,no,telephone,oct,thu,1,0,nonexistent,-3.4,92.431,-26.9,0.754,5017.5,0,0,0.6987395449205364
36542,42,self-employed,married,university.degree,no,yes,no,cellular,jun,wed,1,1,success,-2.9,92.963,-40.8,1.26,5076.2,1,3,0.6986674346381633
40563,59,admin.,married,university.degree,no,no,yes,cellular,sep,wed,1,1,success,-1.1,94.199,-37.5,0.886,4963.6,1,3,0.6981633094202162
40485,27,admin.,married,university.degree,no,no,no,cellular,aug,thu,3,1,success,-1.7,94.027,-38.3,0.899,4991.6,1,6,0.6980186126599165
40714,84,retired,divorced,unknown,unknown,no,no,cellular,sep,tue,1,2,success,-1.1,94.199,-37.5,0.877,4963.6,1,3,0.6973045940264644
40566,24,student,single,unknown,no,yes,yes,telephone,sep,wed,1,1,success,-1.1,94.199,-37.5,0.886,4963.6,1,10,0.6967002584243498
39976,56,retired,married,high.school,no,no,no,cellular,jun,tue,1,1,success,-1.7,94.055,-39.8,0.761,4991.6,1,3,0.696589158826178
38560,32,self-employed,married,university.degree,no,yes,yes,cellular,oct,thu,1,0,nonexistent,-3.4,92.431,-26.9,0.722,5017.5,0,0,0.6964875328678904
40684,27,admin.,single,university.degree,no,no,no,cellular,sep,thu,3,1,success,-1.1,94.199,-37.5,0.879,4963.6,1,3,0.6960964104443519
38111,60,self-employed,divorced,university.degree,no,no,no,cellular,sep,tue,1,1,success,-3.4,92.379,-29.8,0.755,5017.5,1,3,0.6954148519600214
40741,23,student,single,professional.course,no,no,no,cellular,sep,wed,2,1,success,-1.1,94.199,-37.5,0.876,4963.6,1,15,0.6952296525854945
38077,24,technician,married,university.degree,no,yes,yes,cellular,sep,tue,2,1,success,-3.4,92.379,-29.8,0.77,5017.5,1,3,0.6948854274796994
38526,35,management,married,university.degree,no,yes,no,cellular,oct,wed,1,0,nonexistent,-3.4,92.431,-26.9,0.724,5017.5,0,0,0.6948484078444008
40944,52,technician,married,university.degree,no,yes,no,telephone,oct,wed,1,1,failure,-1.1,94.601,-49.5,0.985,4963.6,0,0,0.6944505282377972
39186,85,retired,single,professional.course,no,no,no,cellular,mar,fri,7,2,success,-1.8,93.369,-34.8,0.653,5008.7,1,7,0.6943668712112377
40273,77,retired,married,basic.4y,no,unknown,unknown,cellular,jul,tue,2,1,success,-1.7,94.215,-40.3,0.893,4991.6,1,3,0.6943657347204769
39221,34,admin.,single,university.degree,no,no,no,cellular,mar,tue,1,1,success,-1.8,93.369,-34.8,0.652,5008.7,1,6,0.6941077914864313
40908,30,technician,single,unknown,no,yes,yes,cellular,oct,mon,1,3,failure,-1.1,94.601,-49.5,0.977,4963.6,0,0,0.6930467656651035
36588,30,admin.,single,university.degree,no,yes,no,cellular,jun,thu,1,2,success,-2.9,92.963,-40.8,1.26,5076.2,1,3,0.692669638902374
40379,18,student,single,unknown,no,yes,no,cellular,aug,wed,1,2,failure,-1.7,94.027,-38.3,0.9,4991.6,1,17,0.6921674603001767
38203,30,unemployed,single,high.school,no,yes,yes,cellular,oct,wed,1,0,nonexistent,-3.4,92.431,-26.9,0.74,5017.5,0,0,0.6915133334945351
38157,31,admin.,married,university.degree,no,yes,no,cellular,oct,thu,1,0,nonexistent,-3.4,92.431,-26.9,0.754,5017.5,0,0,0.6906636550247238
38362,60,retired,married,basic.4y,no,no,no,cellular,oct,mon,1,0,nonexistent,-3.4,92.431,-26.9,0.739,5017.5,0,0,0.6904590284306201
38368,60,retired,married,basic.4y,no,no,no,cellular,oct,mon,1,0,nonexistent,-3.4,92.431,-26.9,0.739,5017.5,0,0,0.6904590284306201
38167,32,admin.,married,university.degree,no,yes,no,cellular,oct,thu,1,0,nonexistent,-3.4,92.431,-26.9,0.754,5017.5,0,0,0.6904301174670694
38497,61,retired,married,high.school,no,no,no,telephone,oct,tue,1,0,nonexistent,-3.4,92.431,-26.9,0.728,5017.5,0,0,0.6897753769048267
38160,36,admin.,married,university.degree,no,yes,no,cellular,oct,thu,1,0,nonexistent,-3.4,92.431,-26.9,0.754,5017.5,0,0,0.6894949957683801
38207,48,management,married,university.degree,no,yes,yes,cellular,oct,wed,2,0,nonexistent,-3.4,92.431,-26.9,0.74,5017.5,0,0,0.6894690760228012
38516,32,technician,single,university.degree,no,yes,no,cellular,oct,tue,1,0,nonexistent,-3.4,92.431,-26.9,0.728,5017.5,0,0,0.689213291168024
38075,29,admin.,single,high.school,no,yes,no,cellular,sep,tue,2,1,success,-3.4,92.379,-29.8,0.77,5017.5,1,3,0.6891439904258112
40473,66,admin.,divorced,university.degree,no,yes,no,cellular,aug,wed,3,2,success,-1.7,94.027,-38.3,0.903,4991.6,1,6,0.6891092322949355
40158,30,admin.,single,university.degree,no,no,no,cellular,jul,thu,1,2,success,-1.7,94.215,-40.3,0.846,4991.6,1,6,0.6890839090521051
40447,25,unemployed,single,high.school,no,no,no,cellular,aug,tue,1,3,success,-1.7,94.027,-38.3,0.904,4991.6,1,3,0.6886738977534237
39314,34,admin.,single,university.degree,no,yes,no,cellular,mar,thu,2,3,success,-1.8,93.369,-34.8,0.643,5008.7,1,6,0.6886063794969847
40900,66,retired,married,basic.4y,no,yes,no,telephone,oct,fri,2,1,failure,-1.1,94.601,-49.5,0.972,4963.6,0,0,0.6879839863871365
38046,34,admin.,single,university.degree,no,no,no,cellular,sep,fri,3,2,success,-3.4,92.379,-29.8,0.773,5017.5,1,3,0.6879413604531266
41000,54,services,divorced,high.school,no,yes,no,cellular,oct,wed,3,2,failure,-1.1,94.601,-49.5,1.016,4963.6,0,0,0.6878414059812854
38364,60,retired,married,basic.4y,no,yes,no,cellular,oct,mon,1,0,nonexistent,-3.4,92.431,-26.9,0.739,5017.5,0,0,0.6877307873203707
40679,37,admin.,single,university.degree,no,no,no,cellular,sep,thu,1,4,success,-1.1,94.199,-37.5,0.879,4963.6,1,3,0.6876382717074323
37931,43,technician,married,high.school,no,yes,yes,cellular,sep,thu,1,2,success,-3.4,92.379,-29.8,0.809,5017.5,1,3,0.6874095433743417
38558,34,admin.,married,university.degree,no,no,no,cellular,oct,thu,1,0,nonexistent,-3.4,92.431,-26.9,0.722,5017.5,0,0,0.6871640794771918
40210,23,student,single,unknown,no,no,no,cellular,jul,tue,2,1,success,-1.7,94.215,-40.3,0.876,4991.6,1,16,0.687141579138583
38537,34,unknown,single,university.degree,no,no,no,telephone,oct,wed,1,0,nonexistent,-3.4,92.431,-26.9,0.724,5017.5,0,0,0.6868973429537427
39308,28,admin.,single,university.degree,no,yes,no,cellular,mar,thu,1,1,success,-1.8,93.369,-34.8,0.643,5008.7,1,9,0.6866979211310571
40385,30,blue-collar,single,professional.course,no,no,no,cellular,aug,wed,1,1,success,-1.7,94.027,-38.3,0.9,4991.6,1,9,0.6856602558055287
38536,73,retired,married,basic.4y,no,yes,no,telephone,oct,wed,1,0,nonexistent,-3.4,92.431,-26.9,0.724,5017.5,0,0,0.6856204781804225
40160,32,admin.,single,university.degree,no,yes,no,cellular,jul,thu,2,1,success,-1.7,94.215,-40.3,0.846,4991.6,1,6,0.6855857279170514
38460,31,self-employed,single,university.degree,no,no,no,cellular,oct,fri,1,0,nonexistent,-3.4,92.431,-26.9,0.73,5017.5,0,0,0.6854357845682203
38358,70,retired,married,basic.4y,no,yes,no,cellular,oct,mon,1,0,nonexistent,-3.4,92.431,-26.9,0.739,5017.5,0,0,0.6853789679542892
36626,28,management,single,university.degree,no,yes,no,cellular,jun,thu,1,1,success,-2.9,92.963,-40.8,1.26,5076.2,1,4,0.6852533782963489
40044,30,admin.,single,university.degree,no,no,no,cellular,jul,tue,1,2,success,-1.7,94.215,-40.3,0.797,4991.6,1,3,0.6851615101245893
40259,68,retired,married,university.degree,no,no,no,cellular,jul,mon,2,1,success,-1.7,94.215,-40.3,0.889,4991.6,1,12,0.6850587575639413
38188,43,management,single,university.degree,no,yes,no,cellular,oct,tue,1,0,nonexistent,-3.4,92.431,-26.9,0.744,5017.5,0,0,0.6847562372891054
38596,69,retired,married,basic.4y,no,yes,yes,cellular,oct,fri,3,0,nonexistent,-3.4,92.431,-26.9,0.72,5017.5,0,0,0.6847413651499312
40851,42,management,married,university.degree,no,yes,no,cellular,sep,wed,1,2,success,-1.1,94.199,-37.5,0.886,4963.6,1,3,0.684140091520761
39117,26,technician,single,university.degree,no,yes,no,cellular,dec,tue,1,1,success,-3.0,92.713,-33.0,0.707,5023.5,1,5,0.6840453009384388
40520,36,admin.,married,university.degree,no,no,no,cellular,aug,wed,7,1,success,-1.7,94.027,-38.3,0.894,4991.6,1,6,0.6839819290632858
41133,28,self-employed,single,university.degree,no,yes,no,cellular,nov,thu,2,3,success,-1.1,94.767,-50.8,1.041,4963.6,1,6,0.6839146129730195
39999,56,retired,married,basic.4y,no,yes,no,cellular,jun,wed,2,2,success,-1.7,94.055,-39.8,0.767,4991.6,1,3,0.683228715745047
38178,75,retired,divorced,basic.4y,unknown,yes,no,cellular,oct,thu,1,0,nonexistent,-3.4,92.431,-26.9,0.754,5017.5,0,0,0.682918494174545
38162,65,admin.,married,university.degree,no,yes,no,cellular,oct,thu,1,0,nonexistent,-3.4,92.431,-26.9,0.754,5017.5,0,0,0.6826693148501092
38592,36,self-employed,single,university.degree,no,no,no,cellular,oct,fri,1,0,nonexistent,-3.4,92.431,-26.9,0.72,5017.5,0,0,0.6825129183714739
40803,31,technician,married,university.degree,no,no,no,cellular,sep,thu,1,1,success,-1.1,94.199,-37.5,0.878,4963.6,1,3,0.6824023312496907
38277,26,student,single,basic.9y,no,yes,no,telephone,oct,tue,3,0,nonexistent,-3.4,92.431,-26.9,0.742,5017.5,0,0,0.6823434136763865
39880,24,student,single,high.school,no,no,no,cellular,jun,wed,6,1,success,-1.7,94.055,-39.8,0.727,4991.6,1,6,0.6823155733529045
40040,30,admin.,single,university.degree,no,yes,no,cellular,jul,tue,2,1,success,-1.7,94.215,-40.3,0.797,4991.6,1,3,0.6821137191796243
36465,43,admin.,married,university.degree,no,yes,no,cellular,jun,wed,2,1,success,-2.9,92.963,-40.8,1.26,5076.2,1,3,0.6817127004984892
40674,27,technician,single,university.degree,no,yes,no,cellular,sep,thu,1,1,success,-1.1,94.199,-37.5,0.879,4963.6,1,6,0.6815487668855644
38421,29,blue-collar,single,basic.9y,no,no,yes,cellular,oct,wed,2,0,nonexistent,-3.4,92.431,-26.9,0.735,5017.5,0,0,0.6808480872832178
40223,24,technician,single,professional.course,no,yes,no,cellular,jul,thu,2,1,success,-1.7,94.215,-40.3,0.884,4991.6,1,3,0.6807992642846651
38272,27,technician,single,unknown,no,no,no,cellular,oct,tue,1,0,nonexistent,-3.4,92.431,-26.9,0.742,5017.5,0,0,0.6807956990355265
40699,23,student,single,basic.9y,no,yes,yes,cellular,sep,mon,3,2,success,-1.1,94.199,-37.5,0.879,4963.6,1,6,0.6804610076322051
38315,35,admin.,married,university.degree,no,yes,no,cellular,oct,thu,2,0,nonexistent,-3.4,92.431,-26.9,0.74,5017.5,0,0,0.6802128277256785
40663,28,management,single,university.degree,no,yes,no,cellular,sep,wed,3,1,success,-1.1,94.199,-37.5,0.88,4963.6,1,6,0.6797823983399433
40574,45,management,married,university.degree,no,no,no,cellular,sep,wed,2,2,success,-1.1,94.199,-37.5,0.886,4963.6,1,3,0.6790694168395216
40242,32,technician,single,university.degree,no,no,no,cellular,jul,fri,1,2,success,-1.7,94.215,-40.3,0.885,4991.6,1,3,0.6788990676235306
40653,44,management,married,university.degree,no,no,no,cellular,sep,wed,1,3,success,-1.1,94.199,-37.5,0.88,4963.6,1,3,0.6785496147027428
38340,26,admin.,single,university.degree,no,no,no,cellular,oct,fri,1,0,nonexistent,-3.4,92.431,-26.9,0.739,5017.5,0,0,0.6783480937545192
38218,53,admin.,married,unknown,no,yes,no,cellular,oct,wed,2,0,nonexistent,-3.4,92.431,-26.9,0.74,5017.5,0,0,0.6783036153455566
39220,34,admin.,single,university.degree,no,yes,no,cellular,mar,tue,1,3,success,-1.8,93.369,-34.8,0.652,5008.7,1,6,0.6778116726612435
40892,47,admin.,married,high.school,no,yes,no,cellular,oct,fri,1,1,failure,-1.1,94.601,-49.5,0.972,4963.6,0,0,0.6770242425502058
38532,34,unknown,single,university.degree,no,yes,no,telephone,oct,wed,2,0,nonexistent,-3.4,92.431,-26.9,0.724,5017.5,0,0,0.6770173224418086
38568,36,technician,married,university.degree,no,yes,yes,cellular,oct,thu,2,0,nonexistent,-3.4,92.431,-26.9,0.722,5017.5,0,0,0.6766558603695267
38000,39,self-employed,divorced,high.school,no,no,no,cellular,sep,tue,1,1,success,-3.4,92.379,-29.8,0.788,5017.5,1,3,0.6765813011690821
40395,48,admin.,divorced,university.degree,no,no,no,cellular,aug,thu,3,6,success,-1.7,94.027,-38.3,0.904,4991.6,1,3,0.6759246833241178
40153,52,technician,married,basic.6y,no,yes,no,cellular,jul,thu,1,1,success,-1.7,94.215,-40.3,0.846,4991.6,1,3,0.6754319923260724
38293,38,admin.,married,high.school,no,yes,no,cellular,oct,wed,1,0,nonexistent,-3.4,92.431,-26.9,0.742,5017.5,0,0,0.6744345332413199
41117,29,technician,single,professional.course,no,no,no,cellular,nov,tue,2,1,success,-1.1,94.767,-50.8,1.046,4963.6,1,1,0.6743053708859383
40916,25,services,single,high.school,no,no,no,cellular,oct,mon,1,1,failure,-1.1,94.601,-49.5,0.977,4963.6,0,0,0.6742169008268513
39344,41,technician,divorced,university.degree,no,no,no,cellular,mar,thu,1,1,success,-1.8,93.369,-34.8,0.635,5008.7,1,6,0.6738966662266788
38337,33,admin.,single,university.degree,no,yes,no,cellular,oct,fri,1,0,nonexistent,-3.4,92.431,-26.9,0.739,5017.5,0,0,0.6738842907234515
38291,37,blue-collar,single,professional.course,no,no,no,cellular,oct,wed,3,0,nonexistent,-3.4,92.431,-26.9,0.742,5017.5,0,0,0.6735175087494486
39865,27,student,single,university.degree,no,no,yes,cellular,jun,mon,2,4,success,-1.7,94.055,-39.8,0.72,4991.6,1,3,0.673511370606996
36509,28,services,single,basic.6y,no,no,no,cellular,jun,wed,2,1,success,-2.9,92.963,-40.8,1.26,5076.2,1,4,0.673413823243651
40791,26,self-employed,single,university.degree,no,yes,no,cellular,sep,thu,1,4,success,-1.1,94.199,-37.5,0.878,4963.6,1,6,0.6729997823520243
38982,25,admin.,single,university.degree,no,no,no,cellular,dec,fri,2,1,success,-3.0,92.713,-33.0,0.718,5023.5,1,4,0.6728161841469692
38525,40,admin.,married,high.school,no,yes,yes,cellular,oct,wed,1,0,nonexistent,-3.4,92.431,-26.9,0.724,5017.5,0,0,0.6727193714437245
36564,31,admin.,married,high.school,no,no,no,cellular,jun,wed,1,1,success,-2.9,92.963,-40.8,1.26,5076.2,1,2,0.6726935629123478
38447,23,technician,single,university.degree,no,yes,no,cellular,oct,fri,1,0,nonexistent,-3.4,92.431,-26.9,0.73,5017.5,0,0,0.6725819639293794
37996,49,admin.,married,high.school,no,no,no,cellular,sep,tue,1,1,success,-3.4,92.379,-29.8,0.788,5017.5,1,3,0.6724992378817302
36531,48,admin.,married,university.degree,no,yes,no,cellular,jun,wed,2,1,success,-2.9,92.963,-40.8,1.26,5076.2,1,4,0.6724145206535175
38583,65,retired,married,basic.4y,no,no,no,cellular,oct,fri,5,0,nonexistent,-3.4,92.431,-26.9,0.72,5017.5,0,0,0.672215399951404
39300,33,self-employed,married,university.degree,no,yes,no,cellular,mar,wed,1,1,success,-1.8,93.369,-34.8,0.644,5008.7,1,11,0.6717084754277267
38973,53,admin.,married,university.degree,no,no,no,cellular,dec,thu,1,1,success,-3.0,92.713,-33.0,0.72,5023.5,1,6,0.6712403472012298
38310,37,blue-collar,married,basic.6y,no,no,no,cellular,oct,thu,1,0,nonexistent,-3.4,92.431,-26.9,0.74,5017.5,0,0,0.6709702200992748
38591,34,technician,single,university.degree,no,no,no,cellular,oct,fri,1,0,nonexistent,-3.4,92.431,-26.9,0.72,5017.5,0,0,0.6709624151012595
38346,28,admin.,single,university.degree,no,no,no,cellular,oct,fri,2,0,nonexistent,-3.4,92.431,-26.9,0.739,5017.5,0,0,0.6706626653190845
40359,58,blue-collar,married,basic.4y,no,yes,no,cellular,aug,wed,1,1,success,-1.7,94.027,-38.3,0.9,4991.6,1,3,0.670532020977793
38232,37,management,single,basic.9y,no,no,no,cellular,oct,thu,1,0,nonexistent,-3.4,92.431,-26.9,0.741,5017.5,0,0,0.6700016891379693
38600,78,retired,divorced,basic.6y,no,no,no,telephone,oct,fri,2,0,nonexistent,-3.4,92.431,-26.9,0.72,5017.5,0,0,0.6699668416915678
40845,29,admin.,single,university.degree,no,no,no,cellular,sep,tue,2,3,success,-1.1,94.199,-37.5,0.88,4963.6,1,3,0.6698131150915613
38528,45,admin.,married,high.school,no,yes,no,cellular,oct,wed,1,0,nonexistent,-3.4,92.431,-26.9,0.724,5017.5,0,0,0.6695513811887327
38008,39,self-employed,divorced,high.school,no,no,no,cellular,sep,tue,2,1,success,-3.4,92.379,-29.8,0.788,5017.5,1,3,0.6693581866965419
38522,46,admin.,married,high.school,no,yes,no,cellular,oct,wed,1,0,nonexistent,-3.4,92.431,-26.9,0.724,5017.5,0,0,0.669309536245846
38004,43,technician,married,high.school,no,yes,no,cellular,sep,tue,1,1,success,-3.4,92.379,-29.8,0.788,5017.5,1,3,0.6690157710378634
39004,42,services,married,university.degree,no,no,no,cellular,dec,wed,1,1,success,-3.0,92.713,-33.0,0.715,5023.5,1,6,0.6683608645805358
38311,37,blue-collar,married,basic.6y,no,yes,no,cellular,oct,thu,1,0,nonexistent,-3.4,92.431,-26.9,0.74,5017.5,0,0,0.6681527642630446
38394,31,admin.,married,university.degree,no,yes,no,cellular,oct,tue,1,0,nonexistent,-3.4,92.431,-26.9,0.737,5017.5,0,0,0.6680931469119572
38397,31,admin.,married,university.degree,no,yes,no,cellular,oct,tue,1,0,nonexistent,-3.4,92.431,-26.9,0.737,5017.5,0,0,0.6680931469119572
39283,29,admin.,single,university.degree,no,yes,no,cellular,mar,mon,1,3,success,-1.8,93.369,-34.8,0.646,5008.7,1,3,0.6680842935075424
40065,21,student,single,unknown,no,no,no,telephone,jul,thu,1,1,success,-1.7,94.215,-40.3,0.81,4991.6,1,12,0.6677292959706194
40975,44,technician,married,high.school,no,yes,yes,cellular,oct,mon,1,1,failure,-1.1,94.601,-49.5,1.0,4963.6,0,0,0.6675773660991235
38435,35,unemployed,married,university.degree,no,yes,no,cellular,oct,thu,2,0,nonexistent,-3.4,92.431,-26.9,0.733,5017.5,0,0,0.6675599151882153
40917,25,services,single,high.school,no,no,no,cellular,oct,mon,1,2,failure,-1.1,94.601,-49.5,0.977,4963.6,0,0,0.6672684918142685
38449,32,unknown,single,high.school,no,yes,no,cellular,oct,fri,1,0,nonexistent,-3.4,92.431,-26.9,0.73,5017.5,0,0,0.6669616321544658
36660,30,admin.,single,university.degree,no,no,yes,cellular,jun,fri,1,1,success,-2.9,92.963,-40.8,1.268,5076.2,1,3,0.6669019217098766
37939,59,management,married,university.degree,no,yes,no,cellular,sep,fri,2,1,success,-3.4,92.379,-29.8,0.803,5017.5,1,3,0.6666134352062776
39323,30,technician,unknown,university.degree,no,no,no,cellular,mar,mon,2,2,success,-1.8,93.369,-34.8,0.639,5008.7,1,6,0.6665352607624324
36751,25,admin.,single,university.degree,no,yes,yes,cellular,jun,tue,3,1,success,-2.9,92.963,-40.8,1.286,5076.2,1,4,0.6652411982483845
38599,37,admin.,single,university.degree,no,no,no,cellular,oct,fri,2,0,nonexistent,-3.4,92.431,-26.9,0.72,5017.5,0,0,0.6650849521011908
39982,25,student,single,high.school,no,yes,yes,cellular,jun,tue,2,3,success,-1.7,94.055,-39.8,0.761,4991.6,1,6,0.6650535910828032
39993,27,unknown,single,university.degree,no,yes,no,cellular,jun,wed,4,2,success,-1.7,94.055,-39.8,0.767,4991.6,1,3,0.6649149204440046
38964,30,technician,married,university.degree,no,yes,no,cellular,dec,thu,2,1,success,-3.0,92.713,-33.0,0.72,5023.5,1,6,0.6645827773792043
36428,44,admin.,single,university.degree,no,no,no,cellular,jun,tue,2,1,success,-2.9,92.963,-40.8,1.262,5076.2,1,4,0.6644753327049913
36615,32,admin.,married,university.degree,no,no,yes,cellular,jun,thu,3,1,success,-2.9,92.963,-40.8,1.26,5076.2,1,3,0.6644250152085898
40476,42,technician,married,professional.course,no,no,no,cellular,aug,thu,1,2,success,-1.7,94.027,-38.3,0.899,4991.6,1,6,0.6644074560191358
40747,36,unemployed,single,high.school,no,yes,no,cellular,sep,thu,1,1,success,-1.1,94.199,-37.5,0.879,4963.6,1,3,0.6643890734038186
40425,24,admin.,single,university.degree,no,yes,yes,cellular,aug,fri,5,2,success,-1.7,94.027,-38.3,0.905,4991.6,1,6,0.6641621176732108
37987,45,admin.,married,university.degree,no,no,no,cellular,sep,mon,1,2,success,-3.4,92.379,-29.8,0.797,5017.5,1,3,0.663882630539934
39261,80,retired,married,basic.4y,no,no,no,cellular,mar,fri,3,4,success,-1.8,93.369,-34.8,0.649,5008.7,1,6,0.663719834699537
39095,45,admin.,married,university.degree,no,no,no,cellular,dec,thu,2,1,success,-3.0,92.713,-33.0,0.707,5023.5,1,6,0.6635705760418755
40567,37,admin.,married,university.degree,no,no,no,cellular,sep,wed,2,2,success,-1.1,94.199,-37.5,0.886,4963.6,1,6,0.6633470245818245
39302,56,retired,married,basic.4y,no,no,no,cellular,mar,wed,2,2,failure,-1.8,93.369,-34.8,0.644,5008.7,1,9,0.6630131989648465
38172,49,technician,divorced,unknown,no,yes,yes,cellular,oct,thu,1,0,nonexistent,-3.4,92.431,-26.9,0.754,5017.5,0,0,0.6629850392408728
39068,30,self-employed,single,university.degree,no,yes,yes,cellular,dec,fri,2,1,success,-3.0,92.713,-33.0,0.71,5023.5,1,6,0.6629480245160678
38114,22,services,single,professional.course,no,yes,yes,cellular,sep,tue,1,2,success,-3.4,92.379,-29.8,0.755,5017.5,1,3,0.6627201328424461
40302,34,admin.,married,university.degree,no,yes,no,cellular,jul,thu,1,3,success,-1.7,94.215,-40.3,0.899,4991.6,1,6,0.6626588006727051
39980,23,student,single,basic.9y,no,yes,no,cellular,jun,tue,1,3,success,-1.7,94.055,-39.8,0.761,4991.6,1,6,0.6625455671795613
40164,35,admin.,married,university.degree,no,no,no,cellular,jul,thu,2,1,success,-1.7,94.215,-40.3,0.846,4991.6,1,6,0.6624442364910286
40439,29,services,single,university.degree,no,no,no,cellular,aug,mon,1,1,success,-1.7,94.027,-38.3,0.904,4991.6,1,6,0.6623518405895307
38593,37,admin.,single,university.degree,no,yes,no,cellular,oct,fri,2,0,nonexistent,-3.4,92.431,-26.9,0.72,5017.5,0,0,0.6622424694005226
40686,83,retired,divorced,basic.4y,no,no,no,cellular,sep,thu,1,3,success,-1.1,94.199,-37.5,0.879,4963.6,1,9,0.6618238348077404
39802,22,admin.,single,university.degree,no,no,no,cellular,jun,wed,1,1,success,-1.7,94.055,-39.8,0.704,4991.6,1,3,0.6616852411864289
38200,37,housemaid,single,university.degree,no,no,no,cellular,oct,tue,3,0,nonexistent,-3.4,92.431,-26.9,0.744,5017.5,0,0,0.6616789484397271
36753,44,self-employed,married,university.degree,no,no,no,cellular,jun,tue,2,1,success,-2.9,92.963,-40.8,1.286,5076.2,1,3,0.6615669700033824
38433,25,services,single,high.school,no,yes,no,cellular,oct,thu,1,0,nonexistent,-3.4,92.431,-26.9,0.733,5017.5,0,0,0.6615622323776384
40890,33,blue-collar,single,basic.4y,no,yes,no,cellular,oct,fri,1,1,failure,-1.1,94.601,-49.5,0.972,4963.6,0,0,0.6613960783864705
38404,39,admin.,single,high.school,no,yes,no,cellular,oct,tue,1,0,nonexistent,-3.4,92.431,-26.9,0.737,5017.5,0,0,0.6612003761696441
38234,42,management,single,university.degree,no,no,no,cellular,oct,fri,2,0,nonexistent,-3.4,92.431,-26.9,0.743,5017.5,0,0,0.6610354380988916
39830,33,admin.,single,university.degree,no,no,no,cellular,jun,wed,1,1,success,-1.7,94.055,-39.8,0.715,4991.6,1,3,0.66097796347354
36557,29,services,single,high.school,no,no,no,cellular,jun,wed,2,1,success,-2.9,92.963,-40.8,1.26,5076.2,1,3,0.6608518998329349
38365,25,admin.,single,university.degree,no,yes,no,cellular,oct,mon,1,0,nonexistent,-3.4,92.431,-26.9,0.739,5017.5,0,0,0.6607266416415131
38084,53,technician,married,professional.course,no,no,no,cellular,sep,tue,1,1,success,-3.4,92.379,-29.8,0.77,5017.5,1,3,0.6603738964263758
40988,44,technician,married,high.school,no,yes,yes,cellular,oct,mon,2,1,failure,-1.1,94.601,-49.5,1.0,4963.6,0,0,0.6602541388480264
38420,42,blue-collar,married,professional.course,no,no,no,cellular,oct,wed,1,0,nonexistent,-3.4,92.431,-26.9,0.735,5017.5,0,0,0.6601276120222408
39378,68,retired,divorced,basic.4y,no,yes,no,cellular,mar,tue,2,1,success,-1.8,93.369,-34.8,0.635,5008.7,1,11,0.659526862729156
40517,58,self-employed,married,university.degree,no,no,no,cellular,aug,tue,4,3,success,-1.7,94.027,-38.3,0.895,4991.6,1,6,0.6593660682090033
38520,61,blue-collar,married,high.school,no,no,no,cellular,oct,wed,1,0,nonexistent,-3.4,92.431,-26.9,0.724,5017.5,0,0,0.6593305191520846
40702,82,retired,married,university.degree,unknown,no,no,cellular,sep,mon,3,4,success,-1.1,94.199,-37.5,0.879,4963.6,1,3,0.6592430539801905
41064,29,technician,single,university.degree,no,no,no,cellular,nov,mon,1,1,success,-1.1,94.767,-50.8,1.05,4963.6,1,4,0.6591768730548969
36611,30,admin.,married,university.degree,no,yes,no,cellular,jun,thu,2,1,success,-2.9,92.963,-40.8,1.26,5076.2,1,4,0.6591247838460809
39228,26,admin.,single,high.school,no,no,no,cellular,mar,tue,2,1,success,-1.8,93.369,-34.8,0.652,5008.7,1,6,0.6588833182053749
40067,21,student,single,unknown,no,yes,no,cellular,jul,thu,1,2,failure,-1.7,94.215,-40.3,0.81,4991.6,1,13,0.6588737207343396
40204,28,technician,single,university.degree,no,no,no,cellular,jul,tue,3,2,success,-1.7,94.215,-40.3,0.876,4991.6,1,6,0.6585880518178517
38087,47,admin.,divorced,high.school,no,yes,no,cellular,sep,tue,1,1,success,-3.4,92.379,-29.8,0.77,5017.5,1,3,0.6585256444951169
40400,77,retired,married,basic.4y,no,no,no,cellular,aug,thu,1,4,failure,-1.7,94.027,-38.3,0.904,4991.6,1,9,0.6583854471422507
38228,42,management,divorced,unknown,no,no,no,cellular,oct,thu,1,0,nonexistent,-3.4,92.431,-26.9,0.741,5017.5,0,0,0.6583718082509536
40718,86,retired,married,unknown,unknown,yes,yes,cellular,sep,tue,1,4,success,-1.1,94.199,-37.5,0.877,4963.6,1,7,0.6581385906063625
40105,59,retired,divorced,basic.4y,no,yes,yes,cellular,jul,mon,1,1,success,-1.7,94.215,-40.3,0.827,4991.6,1,6,0.6579121887604207
38257,30,management,married,university.degree,no,no,no,cellular,oct,tue,2,0,nonexistent,-3.4,92.431,-26.9,0.742,5017.5,0,0,0.657779264183338
38251,48,admin.,married,basic.6y,no,no,no,cellular,oct,tue,1,0,nonexistent,-3.4,92.431,-26.9,0.742,5017.5,0,0,0.6577553818953402
38551,31,admin.,married,high.school,no,no,no,cellular,oct,thu,1,0,nonexistent,-3.4,92.431,-26.9,0.722,5017.5,0,0,0.6577263663271755
40442,26,admin.,single,university.degree,no,no,no,cellular,aug,mon,1,5,success,-1.7,94.027,-38.3,0.904,4991.6,1,6,0.6573778558046947
38292,56,admin.,married,basic.9y,no,no,no,cellular,oct,wed,2,0,nonexistent,-3.4,92.431,-26.9,0.742,5017.5,0,0,0.6572800636716452
39218,34,admin.,single,high.school,no,no,no,cellular,mar,tue,1,2,success,-1.8,93.369,-34.8,0.652,5008.7,1,6,0.6572215047502474
40030,48,admin.,single,university.degree,no,yes,no,cellular,jul,fri,2,1,success,-1.7,94.215,-40.3,0.79,4991.6,1,3,0.6570522307428263
38224,48,admin.,married,high.school,no,no,no,cellular,oct,thu,1,0,nonexistent,-3.4,92.431,-26.9,0.741,5017.5,0,0,0.6569901105884061
40061,29,admin.,single,high.school,no,yes,no,cellular,jul,thu,1,1,success,-1.7,94.215,-40.3,0.81,4991.6,1,6,0.6569336254131314
39295,52,admin.,married,university.degree,no,no,no,cellular,mar,tue,1,2,success,-1.8,93.369,-34.8,0.646,5008.7,1,6,0.6566977102650047
39233,25,unemployed,married,high.school,no,yes,no,cellular,mar,wed,2,1,success,-1.8,93.369,-34.8,0.651,5008.7,1,6,0.6566668802089832
41110,34,technician,married,unknown,no,yes,no,cellular,nov,tue,1,1,success,-1.1,94.767,-50.8,1.046,4963.6,1,3,0.6565562593035157
38226,42,management,divorced,unknown,no,yes,no,cellular,oct,thu,1,0,nonexistent,-3.4,92.431,-26.9,0.741,5017.5,0,0,0.655501861938189
39225,34,admin.,single,university.degree,no,no,yes,cellular,mar,tue,1,1,success,-1.8,93.369,-34.8,0.652,5008.7,1,11,0.6554235999688304
38259,30,management,married,university.degree,no,yes,no,cellular,oct,tue,2,0,nonexistent,-3.4,92.431,-26.9,0.742,5017.5,0,0,0.6549069492230062
38047,49,admin.,divorced,university.degree,no,yes,no,cellular,sep,fri,3,1,success,-3.4,92.379,-29.8,0.773,5017.5,1,3,0.6548234018750865
38439,25,services,single,high.school,no,yes,no,cellular,oct,thu,2,0,nonexistent,-3.4,92.431,-26.9,0.733,5017.5,0,0,0.6541751379755714
40467,51,blue-collar,married,basic.9y,no,yes,no,cellular,aug,wed,1,4,success,-1.7,94.027,-38.3,0.903,4991.6,1,6,0.6541542353310269
39118,27,technician,single,university.degree,no,yes,no,cellular,dec,tue,3,2,success,-3.0,92.713,-33.0,0.707,5023.5,1,6,0.6541118876089511
40014,60,management,married,university.degree,no,yes,yes,cellular,jul,thu,1,2,success,-1.7,94.215,-40.3,0.782,4991.6,1,4,0.6537939642401421
36703,25,technician,single,university.degree,no,yes,no,cellular,jun,fri,2,1,success,-2.9,92.963,-40.8,1.268,5076.2,1,3,0.6537647410118567
40920,59,services,married,university.degree,no,yes,no,cellular,oct,mon,2,2,failure,-1.1,94.601,-49.5,0.977,4963.6,0,0,0.6536960523907683
37919,26,admin.,single,university.degree,no,yes,no,telephone,sep,thu,1,1,success,-3.4,92.379,-29.8,0.809,5017.5,1,7,0.6532714341717587
36621,53,unknown,married,professional.course,no,no,no,cellular,jun,thu,2,1,success,-2.9,92.963,-40.8,1.26,5076.2,1,3,0.6531260556761075
38244,42,management,single,university.degree,no,no,no,cellular,oct,mon,1,0,nonexistent,-3.4,92.431,-26.9,0.743,5017.5,0,0,0.6531055034960928
40794,29,admin.,single,university.degree,no,yes,no,cellular,sep,thu,2,2,success,-1.1,94.199,-37.5,0.878,4963.6,1,8,0.6522834859977057
39272,33,admin.,single,university.degree,no,no,no,cellular,mar,mon,1,2,success,-1.8,93.369,-34.8,0.646,5008.7,1,6,0.6520741696007468
41109,34,technician,married,unknown,no,yes,no,cellular,nov,tue,1,4,success,-1.1,94.767,-50.8,1.046,4963.6,1,1,0.6519727263838686
41124,37,technician,single,professional.course,no,yes,no,cellular,nov,wed,1,4,success,-1.1,94.767,-50.8,1.044,4963.6,1,6,0.6518316957288935
37355,80,retired,married,illiterate,unknown,yes,yes,cellular,aug,tue,1,1,success,-2.9,92.201,-31.4,0.883,5076.2,1,6,0.6517912356703366
38562,48,technician,married,high.school,no,no,no,cellular,oct,thu,1,0,nonexistent,-3.4,92.431,-26.9,0.722,5017.5,0,0,0.651355578887986
40925,31,technician,single,professional.course,no,yes,no,telephone,oct,tue,1,1,failure,-1.1,94.601,-49.5,0.982,4963.6,0,0,0.6511116328475823
40173,26,technician,single,university.degree,no,no,no,cellular,jul,fri,2,1,success,-1.7,94.215,-40.3,0.861,4991.6,1,6,0.6509884324331612
38472,29,admin.,single,university.degree,no,yes,no,cellular,oct,mon,2,0,nonexistent,-3.4,92.431,-26.9,0.731,5017.5,0,0,0.6508766986671221
40362,35,technician,married,university.degree,no,yes,no,cellular,aug,wed,1,3,failure,-1.7,94.027,-38.3,0.9,4991.6,1,6,0.6507753071953161
39216,34,admin.,single,university.degree,no,no,no,telephone,mar,tue,1,1,success,-1.8,93.369,-34.8,0.652,5008.7,1,3,0.6506044740321753
38295,42,entrepreneur,married,basic.9y,no,no,no,cellular,oct,wed,3,0,nonexistent,-3.4,92.431,-26.9,0.742,5017.5,0,0,0.6505728139923111
38237,42,management,single,university.degree,no,yes,no,cellular,oct,mon,1,0,nonexistent,-3.4,92.431,-26.9,0.743,5017.5,0,0,0.6502148208513817
38240,42,management,single,university.degree,no,yes,no,cellular,oct,mon,1,0,nonexistent,-3.4,92.431,-26.9,0.743,5017.5,0,0,0.6502148208513817
40534,30,technician,married,professional.course,no,no,no,telephone,aug,wed,1,4,success,-1.7,94.027,-38.3,0.89,4991.6,1,0,0.649951955351315
40229,45,management,married,university.degree,no,yes,no,cellular,jul,thu,2,2,success,-1.7,94.215,-40.3,0.884,4991.6,1,6,0.6498783127387975
38588,60,retired,married,basic.4y,unknown,yes,no,cellular,oct,fri,1,0,nonexistent,-3.4,92.431,-26.9,0.72,5017.5,0,0,0.6493042750189657
38422,54,unemployed,married,basic.9y,no,yes,no,cellular,oct,wed,1,0,nonexistent,-3.4,92.431,-26.9,0.735,5017.5,0,0,0.6492828984382388
38307,44,admin.,divorced,high.school,no,no,no,cellular,oct,thu,1,0,nonexistent,-3.4,92.431,-26.9,0.74,5017.5,0,0,0.6492510021223314
36720,53,admin.,single,university.degree,no,yes,no,cellular,jun,fri,2,1,success,-2.9,92.963,-40.8,1.268,5076.2,1,3,0.6489951569656691
36391,32,admin.,married,university.degree,no,no,no,cellular,jun,tue,1,1,success,-2.9,92.963,-40.8,1.262,5076.2,1,4,0.6489497024721484
38063,47,management,married,university.degree,no,yes,no,cellular,sep,mon,1,2,success,-3.4,92.379,-29.8,0.771,5017.5,1,3,0.6487568978499568
38320,25,admin.,single,university.degree,no,yes,yes,telephone,oct,thu,1,0,nonexistent,-3.4,92.431,-26.9,0.74,5017.5,0,0,0.648696280821885
38113,44,technician,married,professional.course,no,yes,no,cellular,sep,tue,1,1,success,-3.4,92.379,-29.8,0.755,5017.5,1,4,0.6486047617462688
38427,35,unemployed,married,university.degree,no,no,no,cellular,oct,thu,5,0,nonexistent,-3.4,92.431,-26.9,0.733,5017.5,0,0,0.6482692898574285
40434,47,management,married,university.degree,no,yes,no,cellular,aug,mon,3,2,success,-1.7,94.027,-38.3,0.904,4991.6,1,3,0.6479128950691847
40499,30,admin.,single,university.degree,no,no,no,cellular,aug,fri,6,3,success,-1.7,94.027,-38.3,0.898,4991.6,1,6,0.6477721041131247
38440,24,admin.,single,university.degree,no,yes,yes,telephone,oct,thu,1,0,nonexistent,-3.4,92.431,-26.9,0.733,5017.5,0,0,0.6476592175460275
38349,38,technician,married,university.degree,no,no,no,cellular,oct,fri,1,0,nonexistent,-3.4,92.431,-26.9,0.739,5017.5,0,0,0.6476367721923353
40115,29,admin.,single,high.school,no,no,no,cellular,jul,tue,2,3,success,-1.7,94.215,-40.3,0.835,4991.6,1,3,0.6474909897237738
40294,50,entrepreneur,divorced,university.degree,no,yes,no,cellular,jul,thu,1,3,success,-1.7,94.215,-40.3,0.899,4991.6,1,6,0.6474467768731955
40595,32,services,single,university.degree,no,yes,no,cellular,sep,thu,1,3,success,-1.1,94.199,-37.5,0.884,4963.6,1,6,0.6469637077957565
39286,31,unemployed,single,university.degree,no,yes,no,cellular,mar,tue,1,1,success,-1.8,93.369,-34.8,0.646,5008.7,1,10,0.6467787736062077
38451,32,admin.,married,university.degree,no,yes,no,cellular,oct,fri,1,0,nonexistent,-3.4,92.431,-26.9,0.73,5017.5,0,0,0.6467616326507959
40465,61,admin.,married,university.degree,no,yes,yes,telephone,aug,wed,1,2,success,-1.7,94.027,-38.3,0.903,4991.6,1,6,0.646752121253992
40504,42,technician,married,university.degree,no,no,no,cellular,aug,fri,3,2,success,-1.7,94.027,-38.3,0.898,4991.6,1,6,0.6460369915714644
38011,35,services,married,high.school,no,no,no,cellular,sep,tue,2,1,success,-3.4,92.379,-29.8,0.788,5017.5,1,3,0.6460168366013285
38301,37,blue-collar,married,basic.6y,no,yes,no,cellular,oct,thu,4,0,nonexistent,-3.4,92.431,-26.9,0.74,5017.5,0,0,0.6459716331103863
40670,29,admin.,single,high.school,no,yes,no,cellular,sep,thu,1,2,success,-1.1,94.199,-37.5,0.879,4963.6,1,6,0.645622311045519
40125,31,unemployed,single,university.degree,no,yes,no,cellular,jul,tue,1,3,success,-1.7,94.215,-40.3,0.835,4991.6,1,6,0.6456090565203834
38519,60,management,married,professional.course,no,yes,no,cellular,oct,wed,2,0,nonexistent,-3.4,92.431,-26.9,0.724,5017.5,0,0,0.6455808455687784
36327,26,technician,divorced,university.degree,no,yes,no,cellular,jun,tue,1,1,success,-2.9,92.963,-40.8,1.262,5076.2,1,3,0.645196022292313
40168,47,admin.,single,basic.9y,no,yes,yes,cellular,jul,thu,2,1,success,-1.7,94.215,-40.3,0.846,4991.6,1,6,0.645131725120481
36381,26,admin.,single,university.degree,no,unknown,unknown,cellular,jun,tue,2,1,success,-2.9,92.963,-40.8,1.262,5076.2,1,3,0.6450087942348565
40119,83,retired,married,university.degree,no,no,no,telephone,jul,tue,1,1,success,-1.7,94.215,-40.3,0.835,4991.6,1,12,0.6450077392454489
40779,38,blue-collar,single,high.school,no,yes,no,cellular,sep,wed,1,3,success,-1.1,94.199,-37.5,0.879,4963.6,1,6,0.6449376920865325
40336,67,retired,married,basic.4y,no,no,no,cellular,aug,mon,2,1,success,-1.7,94.027,-38.3,0.898,4991.6,1,13,0.6449293960716569
38335,39,admin.,single,high.school,no,no,no,cellular,oct,fri,1,0,nonexistent,-3.4,92.431,-26.9,0.739,5017.5,0,0,0.6445090167882171
39331,70,retired,married,unknown,no,no,no,telephone,mar,mon,2,2,success,-1.8,93.369,-34.8,0.639,5008.7,1,7,0.6439836918701346
38552,53,admin.,divorced,high.school,no,no,no,cellular,oct,thu,1,0,nonexistent,-3.4,92.431,-26.9,0.722,5017.5,0,0,0.6436882496459087
38079,51,services,married,high.school,no,yes,no,cellular,sep,tue,1,1,success,-3.4,92.379,-29.8,0.77,5017.5,1,3,0.6432900820032352
38542,23,technician,married,professional.course,no,yes,yes,cellular,oct,thu,2,0,nonexistent,-3.4,92.431,-26.9,0.722,5017.5,0,0,0.6432690091632285
38223,41,technician,married,professional.course,no,no,no,cellular,oct,thu,2,0,nonexistent,-3.4,92.431,-26.9,0.741,5017.5,0,0,0.6431504862990066
38507,44,technician,married,unknown,no,no,yes,cellular,oct,tue,2,0,nonexistent,-3.4,92.431,-26.9,0.728,5017.5,0,0,0.6430959259610326
40301,31,technician,single,university.degree,no,no,no,telephone,jul,thu,1,1,success,-1.7,94.215,-40.3,0.899,4991.6,1,5,0.6427905419409669
40697,69,retired,married,basic.4y,no,no,no,cellular,sep,mon,3,1,success,-1.1,94.199,-37.5,0.879,4963.6,1,6,0.6426678621807301
38383,67,retired,married,professional.course,no,no,no,telephone,oct,mon,2,0,nonexistent,-3.4,92.431,-26.9,0.739,5017.5,0,0,0.642551797391356
36583,53,blue-collar,married,basic.6y,no,yes,no,cellular,jun,thu,2,1,success,-2.9,92.963,-40.8,1.26,5076.2,1,3,0.6423964220807881
38197,27,admin.,married,high.school,no,no,no,cellular,oct,tue,1,0,nonexistent,-3.4,92.431,-26.9,0.744,5017.5,0,0,0.6422918206363394
38545,61,technician,married,professional.course,no,no,no,cellular,oct,thu,1,0,nonexistent,-3.4,92.431,-26.9,0.722,5017.5,0,0,0.6421523705709296
40322,25,student,single,high.school,no,no,no,cellular,aug,mon,2,4,failure,-1.7,94.027,-38.3,0.898,4991.6,1,10,0.6418876204439585
40123,29,admin.,married,university.degree,no,unknown,unknown,cellular,jul,tue,1,1,success,-1.7,94.215,-40.3,0.835,4991.6,1,3,0.6417786497971102
38336,39,admin.,single,high.school,no,yes,no,cellular,oct,fri,1,0,nonexistent,-3.4,92.431,-26.9,0.739,5017.5,0,0,0.6415860113945552
39244,46,admin.,married,university.degree,no,no,no,telephone,mar,thu,1,1,success,-1.8,93.369,-34.8,0.65,5008.7,1,3,0.6415530405992342
38554,30,technician,married,professional.course,no,yes,yes,cellular,oct,thu,2,0,nonexistent,-3.4,92.431,-26.9,0.722,5017.5,0,0,0.6415115940093703
40078,72,retired,married,basic.4y,no,no,yes,cellular,jul,fri,4,1,success,-1.7,94.215,-40.3,0.822,4991.6,1,8,0.6414477613709032
39129,59,management,married,university.degree,no,yes,no,cellular,dec,thu,3,1,success,-3.0,92.713,-33.0,0.7,5023.5,1,6,0.6414253016399348
38317,37,blue-collar,married,basic.6y,no,no,no,cellular,oct,thu,5,0,nonexistent,-3.4,92.431,-26.9,0.74,5017.5,0,0,0.6413645832726574
38494,33,services,single,high.school,no,no,no,cellular,oct,tue,1,0,nonexistent,-3.4,92.431,-26.9,0.728,5017.5,0,0,0.641130496443282
38117,63,housemaid,married,basic.4y,no,yes,no,cellular,sep,wed,1,1,success,-3.4,92.379,-29.8,0.749,5017.5,1,3,0.6410675278942495
38280,44,blue-collar,single,professional.course,no,no,no,cellular,oct,tue,2,0,nonexistent,-3.4,92.431,-26.9,0.742,5017.5,0,0,0.6410571473645876
40441,26,admin.,single,university.degree,no,no,no,telephone,aug,mon,1,1,success,-1.7,94.027,-38.3,0.904,4991.6,1,3,0.6410184616478319
38565,48,technician,married,high.school,no,yes,no,cellular,oct,thu,2,0,nonexistent,-3.4,92.431,-26.9,0.722,5017.5,0,0,0.6409402832865817
40156,28,services,single,high.school,no,yes,no,cellular,jul,thu,1,1,success,-1.7,94.215,-40.3,0.846,4991.6,1,6,0.6409171329808698
36606,25,services,single,high.school,no,yes,no,cellular,jun,thu,2,1,success,-2.9,92.963,-40.8,1.26,5076.2,1,3,0.6409129317279146
39120,34,admin.,married,university.degree,no,no,yes,cellular,dec,tue,2,2,success,-3.0,92.713,-33.0,0.707,5023.5,1,6,0.6407779022019889
38225,69,technician,married,professional.course,no,yes,no,cellular,oct,thu,1,0,nonexistent,-3.4,92.431,-26.9,0.741,5017.5,0,0,0.6407339228489732
38233,69,technician,married,professional.course,no,yes,no,cellular,oct,thu,1,0,nonexistent,-3.4,92.431,-26.9,0.741,5017.5,0,0,0.6407339228489732
40113,29,admin.,married,university.degree,no,yes,yes,cellular,jul,tue,2,1,success,-1.7,94.215,-40.3,0.835,4991.6,1,6,0.6406305353096646
39919,24,student,single,high.school,no,no,no,cellular,jun,wed,2,2,success,-1.7,94.055,-39.8,0.739,4991.6,1,14,0.6404726371795951
39301,37,technician,married,professional.course,no,yes,yes,cellular,mar,wed,1,1,success,-1.8,93.369,-34.8,0.644,5008.7,1,9,0.6402631364485217
39292,31,admin.,single,university.degree,no,yes,no,telephone,mar,tue,1,2,success,-1.8,93.369,-34.8,0.646,5008.7,1,3,0.6401334383819477
36656,46,housemaid,single,university.degree,no,yes,yes,cellular,jun,fri,1,1,success,-2.9,92.963,-40.8,1.268,5076.2,1,3,0.6397340647981092
38329,25,admin.,single,university.degree,no,unknown,unknown,cellular,oct,fri,2,0,nonexistent,-3.4,92.431,-26.9,0.739,5017.5,0,0,0.6391313072756818
38755,23,student,single,university.degree,no,yes,no,cellular,nov,wed,1,2,success,-3.4,92.649,-30.1,0.715,5017.5,1,3,0.638980206313835
39291,46,unemployed,single,university.degree,no,no,no,cellular,mar,tue,1,2,success,-1.8,93.369,-34.8,0.646,5008.7,1,10,0.638714172696558
40855,41,admin.,married,unknown,no,no,no,cellular,sep,wed,1,3,success,-1.1,94.199,-37.5,0.886,4963.6,1,7,0.6386882990215528
38566,48,technician,married,high.school,no,no,yes,cellular,oct,thu,3,0,nonexistent,-3.4,92.431,-26.9,0.722,5017.5,0,0,0.6383592649940449
37140,17,student,single,unknown,no,yes,no,cellular,aug,wed,3,2,success,-2.9,92.201,-31.4,0.884,5076.2,1,4,0.6372477212152398
37953,39,blue-collar,married,basic.9y,no,yes,no,cellular,sep,fri,1,1,success,-3.4,92.379,-29.8,0.803,5017.5,1,3,0.6372244698728887
40022,37,admin.,single,university.degree,no,yes,no,cellular,jul,fri,2,3,success,-1.7,94.215,-40.3,0.79,4991.6,1,4,0.6369652432952904
40104,19,student,single,basic.9y,no,no,yes,telephone,jul,mon,1,2,success,-1.7,94.215,-40.3,0.827,4991.6,1,6,0.6368675901177955
36735,32,management,single,university.degree,no,no,no,cellular,jun,mon,2,1,success,-2.9,92.963,-40.8,1.281,5076.2,1,3,0.6368169535946798
36736,32,management,single,university.degree,no,no,no,cellular,jun,mon,2,1,success,-2.9,92.963,-40.8,1.281,5076.2,1,3,0.6368169535946798
40423,41,technician,divorced,university.degree,no,yes,no,cellular,aug,fri,2,3,success,-1.7,94.027,-38.3,0.905,4991.6,1,6,0.6362892338554532
40271,28,technician,single,professional.course,no,yes,no,cellular,jul,tue,2,1,success,-1.7,94.215,-40.3,0.893,4991.6,1,6,0.636263988603592
37969,59,admin.,married,unknown,no,yes,yes,cellular,sep,mon,3,1,success,-3.4,92.379,-29.8,0.797,5017.5,1,3,0.6361812770224752
40092,36,technician,single,university.degree,no,yes,yes,cellular,jul,mon,4,1,success,-1.7,94.215,-40.3,0.827,4991.6,1,3,0.6361630913771074
38284,28,admin.,single,high.school,no,no,no,telephone,oct,wed,1,0,nonexistent,-3.4,92.431,-26.9,0.742,5017.5,0,0,0.6359661523095393
39208,27,services,single,university.degree,no,yes,no,cellular,mar,mon,1,1,success,-1.8,93.369,-34.8,0.652,5008.7,1,6,0.6359610879570547
40832,30,student,single,professional.course,no,unknown,unknown,cellular,sep,mon,4,3,success,-1.1,94.199,-37.5,0.879,4963.6,1,6,0.6355759895358077
40643,26,admin.,single,university.degree,no,yes,no,cellular,sep,tue,3,3,success,-1.1,94.199,-37.5,0.881,4963.6,1,6,0.6352202630283353
36321,26,technician,single,professional.course,no,yes,no,cellular,jun,tue,2,1,success,-2.9,92.963,-40.8,1.262,5076.2,1,3,0.6352102054276967
40685,38,technician,single,professional.course,no,yes,no,cellular,sep,thu,2,1,success,-1.1,94.199,-37.5,0.879,4963.6,1,6,0.6348275781584203
38576,61,technician,married,professional.course,no,no,no,cellular,oct,thu,2,0,nonexistent,-3.4,92.431,-26.9,0.722,5017.5,0,0,0.6345756315578918
38455,98,retired,married,basic.4y,unknown,yes,no,cellular,oct,fri,2,0,nonexistent,-3.4,92.431,-26.9,0.73,5017.5,0,0,0.6340636915825933
37927,44,admin.,married,university.degree,no,yes,no,cellular,sep,thu,1,1,success,-3.4,92.379,-29.8,0.809,5017.5,1,14,0.6337665202660847
38930,56,retired,married,university.degree,no,no,no,cellular,nov,wed,1,1,success,-3.4,92.649,-30.1,0.716,5017.5,1,3,0.6337145260394159
38191,82,retired,married,university.degree,no,yes,yes,cellular,oct,tue,1,1,failure,-3.4,92.431,-26.9,0.744,5017.5,0,0,0.6333275452180454
40184,26,technician,single,university.degree,no,yes,no,cellular,jul,fri,3,2,success,-1.7,94.215,-40.3,0.861,4991.6,1,6,0.6332924838574361
40784,32,technician,married,basic.9y,no,yes,no,cellular,sep,wed,1,1,success,-1.1,94.199,-37.5,0.879,4963.6,1,6,0.6331310596786835
36356,49,admin.,divorced,university.degree,no,yes,no,cellular,jun,tue,1,1,success,-2.9,92.963,-40.8,1.262,5076.2,1,4,0.6330643704261674
39837,29,admin.,single,university.degree,no,no,no,cellular,jun,wed,2,4,success,-1.7,94.055,-39.8,0.715,4991.6,1,3,0.6329318877194487
38416,44,admin.,married,university.degree,no,yes,no,telephone,oct,wed,1,0,nonexistent,-3.4,92.431,-26.9,0.735,5017.5,0,0,0.6327935123968504
39974,76,retired,married,professional.course,unknown,yes,no,cellular,jun,tue,1,1,success,-1.7,94.055,-39.8,0.761,4991.6,1,3,0.6327852618102822
40026,35,admin.,single,university.degree,no,no,no,cellular,jul,fri,5,1,success,-1.7,94.215,-40.3,0.79,4991.6,1,4,0.6321845271985307
37393,26,student,single,basic.9y,no,yes,no,cellular,aug,wed,1,1,success,-2.9,92.201,-31.4,0.879,5076.2,1,4,0.632003559060918
40780,41,unemployed,married,high.school,no,yes,yes,cellular,sep,wed,1,1,success,-1.1,94.199,-37.5,0.879,4963.6,1,6,0.6317516099337911
38249,32,admin.,married,professional.course,no,yes,no,cellular,oct,tue,1,0,nonexistent,-3.4,92.431,-26.9,0.742,5017.5,0,0,0.631681538607745
38268,32,admin.,married,professional.course,no,yes,no,cellular,oct,tue,1,0,nonexistent,-3.4,92.431,-26.9,0.742,5017.5,0,0,0.631681538607745
38355,49,admin.,single,high.school,no,yes,no,cellular,oct,fri,2,0,nonexistent,-3.4,92.431,-26.9,0.739,5017.5,0,0,0.6314644929738098
38384,35,self-employed,single,university.degree,no,unknown,unknown,cellular,oct,mon,2,0,nonexistent,-3.4,92.431,-26.9,0.739,5017.5,0,0,0.6313573731642006
40478,67,housemaid,divorced,professional.course,no,no,no,cellular,aug,thu,1,2,success,-1.7,94.027,-38.3,0.899,4991.6,1,6,0.6312935471543984
38138,30,admin.,married,university.degree,no,no,no,cellular,sep,mon,2,1,success,-3.4,92.379,-29.8,0.739,5017.5,1,6,0.6312897331428939
40126,35,technician,single,professional.course,no,yes,no,cellular,jul,tue,1,1,success,-1.7,94.215,-40.3,0.835,4991.6,1,6,0.6312587010317019
36533,29,services,single,high.school,no,no,no,cellular,jun,wed,6,1,success,-2.9,92.963,-40.8,1.26,5076.2,1,3,0.6308367444040968
36468,40,blue-collar,divorced,professional.course,no,no,no,cellular,jun,wed,2,1,success,-2.9,92.963,-40.8,1.26,5076.2,1,3,0.6308290665296112
38219,58,technician,married,basic.4y,no,yes,no,cellular,oct,wed,1,0,nonexistent,-3.4,92.431,-26.9,0.74,5017.5,0,0,0.630792489105904
39911,36,admin.,single,university.degree,no,no,no,cellular,jun,wed,1,1,success,-1.7,94.055,-39.8,0.739,4991.6,1,7,0.6307560237144291
40813,58,admin.,married,university.degree,no,no,no,cellular,sep,thu,4,1,success,-1.1,94.199,-37.5,0.878,4963.6,1,6,0.6307111417509941
38511,33,services,single,high.school,no,yes,no,cellular,oct,tue,2,0,nonexistent,-3.4,92.431,-26.9,0.728,5017.5,0,0,0.6305829823982733
37980,28,technician,married,high.school,no,yes,no,cellular,sep,mon,1,1,success,-3.4,92.379,-29.8,0.797,5017.5,1,4,0.6304850687051625
38262,33,unemployed,married,high.school,no,no,yes,cellular,oct,tue,1,0,nonexistent,-3.4,92.431,-26.9,0.742,5017.5,0,0,0.6304401700319981
41099,59,admin.,divorced,high.school,no,no,no,cellular,nov,thu,3,2,success,-1.1,94.767,-50.8,1.05,4963.6,1,3,0.6301441454169661
39014,65,management,married,unknown,no,no,no,cellular,dec,wed,2,1,success,-3.0,92.713,-33.0,0.715,5023.5,1,9,0.6300330730649552
41108,64,unknown,married,unknown,no,no,no,cellular,nov,mon,1,3,success,-1.1,94.767,-50.8,1.048,4963.6,1,3,0.6299533474672444
40938,51,housemaid,married,basic.4y,no,no,no,cellular,oct,tue,2,2,failure,-1.1,94.601,-49.5,0.982,4963.6,0,0,0.629685559082118
